<run_prefix_flexllmgen>: args.model: facebook/opt-30b
model size: 55.803 GB, cache size: 0.669 GB, hidden size (prefill): 0.007 GB
init weight...init_cache_home...
offloading prefix 1 to LSH
torch.Size([56, 142, 128]) 142
gpu ---> cpu
offloading 142
offloading prefix 1 to LSH
torch.Size([56, 142, 128]) 142
gpu ---> cpu
offloading 142
offloading prefix 1 to LSH
torch.Size([56, 142, 128]) 142
gpu ---> cpu
offloading 142
offloading prefix 1 to LSH
torch.Size([56, 142, 128]) 142
gpu ---> cpu
offloading 142
offloading prefix 1 to LSH
torch.Size([56, 142, 128]) 142
gpu ---> cpu
offloading 142
offloading prefix 1 to LSH
torch.Size([56, 142, 128]) 142
gpu ---> cpu
offloading 142
offloading prefix 1 to LSH
torch.Size([56, 142, 128]) 142
gpu ---> cpu
offloading 142
offloading prefix 1 to LSH
torch.Size([56, 142, 128]) 142
gpu ---> cpu
offloading 142
offloading prefix 1 to LSH
torch.Size([56, 142, 128]) 142
gpu ---> cpu
offloading 142
offloading prefix 1 to LSH
torch.Size([56, 142, 128]) 142
gpu ---> cpu
offloading 142
offloading prefix 1 to LSH
torch.Size([56, 142, 128]) 142
gpu ---> cpu
offloading 142
offloading prefix 1 to LSH
torch.Size([56, 142, 128]) 142
gpu ---> cpu
offloading 142
offloading prefix 1 to LSH
torch.Size([56, 142, 128]) 142
gpu ---> cpu
offloading 142
offloading prefix 1 to LSH
torch.Size([56, 142, 128]) 142
gpu ---> cpu
offloading 142
offloading prefix 1 to LSH
torch.Size([56, 142, 128]) 142
gpu ---> cpu
offloading 142
offloading prefix 1 to LSH
torch.Size([56, 142, 128]) 142
gpu ---> cpu
offloading 142
offloading prefix 1 to LSH
torch.Size([56, 142, 128]) 142
gpu ---> cpu
offloading 142
offloading prefix 1 to LSH
torch.Size([56, 142, 128]) 142
gpu ---> cpu
offloading 142
offloading prefix 1 to LSH
torch.Size([56, 142, 128]) 142
gpu ---> cpu
offloading 142
offloading prefix 1 to LSH
torch.Size([56, 142, 128]) 142
gpu ---> cpu
offloading 142
offloading prefix 1 to LSH
torch.Size([56, 142, 128]) 142
gpu ---> cpu
offloading 142
offloading prefix 1 to LSH
torch.Size([56, 142, 128]) 142
gpu ---> cpu
offloading 142
offloading prefix 1 to LSH
torch.Size([56, 142, 128]) 142
gpu ---> cpu
offloading 142
offloading prefix 1 to LSH
torch.Size([56, 142, 128]) 142
gpu ---> cpu
offloading 142
offloading prefix 1 to LSH
torch.Size([56, 142, 128]) 142
gpu ---> cpu
offloading 142
offloading prefix 1 to LSH
torch.Size([56, 142, 128]) 142
gpu ---> cpu
offloading 142
offloading prefix 1 to LSH
torch.Size([56, 142, 128]) 142
gpu ---> cpu
offloading 142
offloading prefix 1 to LSH
torch.Size([56, 142, 128]) 142
gpu ---> cpu
offloading 142
offloading prefix 1 to LSH
torch.Size([56, 142, 128]) 142
gpu ---> cpu
offloading 142
offloading prefix 1 to LSH
torch.Size([56, 142, 128]) 142
gpu ---> cpu
offloading 142
offloading prefix 1 to LSH
torch.Size([56, 142, 128]) 142
gpu ---> cpu
offloading 142
offloading prefix 1 to LSH
torch.Size([56, 142, 128]) 142
gpu ---> cpu
offloading 142
offloading prefix 1 to LSH
torch.Size([56, 142, 128]) 142
gpu ---> cpu
offloading 142
offloading prefix 1 to LSH
torch.Size([56, 142, 128]) 142
gpu ---> cpu
offloading 142
offloading prefix 1 to LSH
torch.Size([56, 142, 128]) 142
gpu ---> cpu
offloading 142
offloading prefix 1 to LSH
torch.Size([56, 142, 128]) 142
gpu ---> cpu
offloading 142
offloading prefix 1 to LSH
torch.Size([56, 142, 128]) 142
gpu ---> cpu
offloading 142
offloading prefix 1 to LSH
torch.Size([56, 142, 128]) 142
gpu ---> cpu
offloading 142
offloading prefix 1 to LSH
torch.Size([56, 142, 128]) 142
gpu ---> cpu
offloading 142
offloading prefix 1 to LSH
torch.Size([56, 142, 128]) 142
gpu ---> cpu
offloading 142
offloading prefix 1 to LSH
torch.Size([56, 142, 128]) 142
gpu ---> cpu
offloading 142
offloading prefix 1 to LSH
torch.Size([56, 142, 128]) 142
gpu ---> cpu
offloading 142
offloading prefix 1 to LSH
torch.Size([56, 142, 128]) 142
gpu ---> cpu
offloading 142
offloading prefix 1 to LSH
torch.Size([56, 142, 128]) 142
gpu ---> cpu
offloading 142
offloading prefix 1 to LSH
torch.Size([56, 142, 128]) 142
gpu ---> cpu
offloading 142
offloading prefix 1 to LSH
torch.Size([56, 142, 128]) 142
gpu ---> cpu
offloading 142
offloading prefix 1 to LSH
torch.Size([56, 142, 128]) 142
gpu ---> cpu
offloading 142
offloading prefix 1 to LSH
torch.Size([56, 142, 128]) 142
gpu ---> cpu
offloading 142
first query - generate
tensor([22, 21, 24, 19, 14, 25, 23, 38, 29, 53, 24, 26, 20, 23, 17, 32, 24, 27,
        20, 27, 19, 27, 15, 22, 22, 27, 25, 19, 17, 15, 13, 20, 22, 29, 18, 26,
        19, 15, 14, 24, 50, 31, 19, 17, 26, 22, 22, 27, 25, 15, 24, 20, 16, 22,
        18, 19], dtype=torch.int32)
get 53 important tokens
tensor([[  6,  61,  15,  33, 134,  38,  53, 129,  51,  92,  41, 123,  90,   5,
          18, 106,   7, 121,  30,  68, 140,  71,  -1,  -1,  -1,  -1,  -1,  -1,
          -1,  -1,  -1,  -1,  -1,  -1,  -1,  -1,  -1,  -1,  -1,  -1,  -1,  -1,
          -1,  -1,  -1,  -1,  -1,  -1,  -1,  -1,  -1,  -1,  -1],
        [ 17,  65, 116,  86, 134,  85,  20, 128,  12, 108,  51,  60,  61,   8,
          13,  82, 141,   0,  10,  30,  98,  -1,  -1,  -1,  -1,  -1,  -1,  -1,
          -1,  -1,  -1,  -1,  -1,  -1,  -1,  -1,  -1,  -1,  -1,  -1,  -1,  -1,
          -1,  -1,  -1,  -1,  -1,  -1,  -1,  -1,  -1,  -1,  -1],
        [ 96,  63,  79,  97,  30,  35,  32,  88,  59,  18,  10,   5, 122,   4,
          83,  81,  64, 123,  21, 111,  77,  68,   7,  46,  -1,  -1,  -1,  -1,
          -1,  -1,  -1,  -1,  -1,  -1,  -1,  -1,  -1,  -1,  -1,  -1,  -1,  -1,
          -1,  -1,  -1,  -1,  -1,  -1,  -1,  -1,  -1,  -1,  -1]],
       dtype=torch.int32)
tensor([ 72,  77,  79,  75,  76,  75,  78,  80,  81,  77,  78,  55,  75,  76,
         77,  79,  79,  75,  72,  76,  72,  78, 104,  73,  74,  74,  74,  78,
         54,  79,  89,  81,  77,  77,  70,  84,  73,  77,  75,  80,  83,  74,
         76,  73,  78,  76,  67,  77,  71,  74,  76,  75,  76,  72,  65,  75],
       dtype=torch.int32)
get 104 important tokens
tensor([[ 24,   0,   5,  10,  12,  18,  20,  21,  27,  30,  38,  41,  46,  50,
          55,  56,  60,  65,  68,  76,  92,  99, 102, 114, 141,   1,   7,  15,
          35,  69,  88,  89, 111, 116, 130, 136,  32,  49,  53,  58,  59,  64,
          81,  83,  96,  43,  52,  98, 118, 133,  80,  87, 107, 121, 122, 125,
         128, 131,  85, 124, 103,  54,  71,  79, 100, 135, 101, 113, 119, 108,
          61,  84,  -1,  -1,  -1,  -1,  -1,  -1,  -1,  -1,  -1,  -1,  -1,  -1,
          -1,  -1,  -1,  -1,  -1,  -1,  -1,  -1,  -1,  -1,  -1,  -1,  -1,  -1,
          -1,  -1,  -1,  -1,  -1,  -1],
        [141,   1,  68,  83,  92,   0,  21,  27,  38,  50,  60,  65, 116,  99,
         102, 114,  76, 111,  15,  32,  64,   7,  18,  41,  46,  55,  87, 136,
          12,  20,  30,  35,  43,  52,  58,  81,  10,  56,  69,  88, 130, 124,
         125,  80,  24,  49,  98, 107, 118,   5, 103,  53,  85,  89, 122, 100,
          51, 121, 133,  54,  59,  79, 131,  71,  96, 128, 108, 113, 119, 135,
          82, 120, 132,  84, 137, 101, 109,  -1,  -1,  -1,  -1,  -1,  -1,  -1,
          -1,  -1,  -1,  -1,  -1,  -1,  -1,  -1,  -1,  -1,  -1,  -1,  -1,  -1,
          -1,  -1,  -1,  -1,  -1,  -1],
        [ 68,  92, 141,  12,   0,  18,  50,  99,   1,   7,  10,  15,  21,  24,
          27,  30,  38,  41,  46,  53,  55,  60,  65,  76, 102, 114,  35,  88,
         116,  20,  32,  69,   5,  56, 130,  43,  52,  49,  54,  58,  83, 111,
         136,  80, 107,  87, 118, 133, 131,  89,  59,  64,  81,  85, 121,  96,
          71,  79,  98, 113, 122, 103, 108, 125, 128,  84, 124, 135, 101, 119,
          51, 120, 132, 137, 100,  61,  82, 109,  57,  -1,  -1,  -1,  -1,  -1,
          -1,  -1,  -1,  -1,  -1,  -1,  -1,  -1,  -1,  -1,  -1,  -1,  -1,  -1,
          -1,  -1,  -1,  -1,  -1,  -1]], dtype=torch.int32)
tensor([ 58,  67,  65,  64,  62, 112,  65,  65,  64,  65,  88,  64,  68,  64,
         64,  64,  52,  57,  65,  60,  63,  64,  67,  66,  67,  65,  68,  82,
         66,  63,  65,  64,  66,  65,  62,  64,  64,  67,  64,  57,  75,  65,
         63,  61,  65,  65, 109,  65,  65,  65,  57,  64,  78,  66,  61,  67],
       dtype=torch.int32)
get 112 important tokens
tensor([[ 10,  21,  69,  12,  20,  24,  32,  43,  30,  52,  54, 107,   9,  15,
           5,  64,  79,  85, 133,  27,  38,  49,   4,   7,  18,  35,  41,  65,
          68,  76,  92, 141, 118,  13,  23,   8,  16,  98, 121, 125, 128,  58,
          81, 116,  53,  46,  88, 130,  50,  55,  60,  99, 102, 111, 114, 136,
          14,  19,  -1,  -1,  -1,  -1,  -1,  -1,  -1,  -1,  -1,  -1,  -1,  -1,
          -1,  -1,  -1,  -1,  -1,  -1,  -1,  -1,  -1,  -1,  -1,  -1,  -1,  -1,
          -1,  -1,  -1,  -1,  -1,  -1,  -1,  -1,  -1,  -1,  -1,  -1,  -1,  -1,
          -1,  -1,  -1,  -1,  -1,  -1,  -1,  -1,  -1,  -1,  -1,  -1,  -1,  -1],
        [  5,   7,  10,  20,  24,  27,  30,  35,  38,  41,  46,  50,  60,  65,
          76,  99, 102, 114, 116,  12,  85,  15,  18,  68,  92, 141,  43,  55,
          88, 130,   0,   1, 107, 125, 128,  32,  56,  49,  53,  58, 111, 136,
          81,  59,   4,  52,  64, 121, 122,  69,  79,  98,  71, 113,   9, 133,
         101,   8,  21,  54, 108,  13, 135, 131, 118,  89,  96,  -1,  -1,  -1,
          -1,  -1,  -1,  -1,  -1,  -1,  -1,  -1,  -1,  -1,  -1,  -1,  -1,  -1,
          -1,  -1,  -1,  -1,  -1,  -1,  -1,  -1,  -1,  -1,  -1,  -1,  -1,  -1,
          -1,  -1,  -1,  -1,  -1,  -1,  -1,  -1,  -1,  -1,  -1,  -1,  -1,  -1],
        [ 18,  21,  46,  50,  55,  60,  65,   0,  68,  69,  76,  88,  92,  99,
         102, 111, 114, 130, 136, 141,   1,  27,  38,  41,  58, 116,   7,  12,
           5,  10,  15,  30,  35,  81,  24,  20,  32,  53,  54,  59,  64,  85,
          43,  49,  52, 107,  89, 121, 128, 133,   9,  16,   4, 125,   8,  79,
         108, 118,  71,  98,  96, 122, 131, 135, 113,  -1,  -1,  -1,  -1,  -1,
          -1,  -1,  -1,  -1,  -1,  -1,  -1,  -1,  -1,  -1,  -1,  -1,  -1,  -1,
          -1,  -1,  -1,  -1,  -1,  -1,  -1,  -1,  -1,  -1,  -1,  -1,  -1,  -1,
          -1,  -1,  -1,  -1,  -1,  -1,  -1,  -1,  -1,  -1,  -1,  -1,  -1,  -1]],
       dtype=torch.int32)
tensor([ 59,  61,  63,  62,  66,  50,  63,  55,  59,  60,  66,  59,  59,  62,
         60,  40,  64,  60,  62,  60,  62,  62,  61,  60,  63,  61,  64,  65,
         64,  45,  58,  55,  53,  56,  65,  57,  55,  49,  62,  47,  58,  61,
         60,  64,  60,  62,  65,  62,  48,  65,  45,  65,  64,  49, 119,  65],
       dtype=torch.int32)
get 119 important tokens
tensor([[  0,   1, 116,  68,  92, 141,  21,  50,  55,  60,  65,  99, 102, 114,
         130,  18,  76,  88, 111, 136,   5,   7,  10,  12,  15,  27,  46,  20,
          30,  35,  38,  41,  58,  85,  24,  43,  52,  69,  81, 121, 128, 133,
         107,  64,  98, 125,  53,  59,  32,  49,  54,  96,  79,  71,   8,   4,
         113,   9,  17,  -1,  -1,  -1,  -1,  -1,  -1,  -1,  -1,  -1,  -1,  -1,
          -1,  -1,  -1,  -1,  -1,  -1,  -1,  -1,  -1,  -1,  -1,  -1,  -1,  -1,
          -1,  -1,  -1,  -1,  -1,  -1,  -1,  -1,  -1,  -1,  -1,  -1,  -1,  -1,
          -1,  -1,  -1,  -1,  -1,  -1,  -1,  -1,  -1,  -1,  -1,  -1,  -1,  -1,
          -1,  -1,  -1,  -1,  -1,  -1,  -1],
        [ 69,   0,   1, 101,  96,  24,  32,  43,  49,  52,  53,  59,  64,  81,
          85,  98, 107, 121, 133, 111, 136, 108, 128,  27,  30,  35,  41,  88,
         118,  71,  50,  60,  76, 130,  12,  65,  92,  99, 102, 114, 141,  20,
          21,  38,  58,   4, 116,  79,  54,  46,  55,  68, 113,  75,   8,  10,
          15, 131,   5,   7,  18,  -1,  -1,  -1,  -1,  -1,  -1,  -1,  -1,  -1,
          -1,  -1,  -1,  -1,  -1,  -1,  -1,  -1,  -1,  -1,  -1,  -1,  -1,  -1,
          -1,  -1,  -1,  -1,  -1,  -1,  -1,  -1,  -1,  -1,  -1,  -1,  -1,  -1,
          -1,  -1,  -1,  -1,  -1,  -1,  -1,  -1,  -1,  -1,  -1,  -1,  -1,  -1,
          -1,  -1,  -1,  -1,  -1,  -1,  -1],
        [  0,   1,  21,  27,  30,  35,  38,  41,  46,  50,  65,  68,  18,  20,
          24,  32,  43,  49,  52,  53,  55,  58,  59,  60,  69,  76,  92,  99,
         102, 114, 116, 130, 141,  88, 111, 136,   7,  10,  15,   5,  85, 121,
          96, 107, 128,  12,  81, 133,  54,  64,  71,  98, 118, 125,  89,   9,
         101, 131,  79, 135,   4,   8, 113,  -1,  -1,  -1,  -1,  -1,  -1,  -1,
          -1,  -1,  -1,  -1,  -1,  -1,  -1,  -1,  -1,  -1,  -1,  -1,  -1,  -1,
          -1,  -1,  -1,  -1,  -1,  -1,  -1,  -1,  -1,  -1,  -1,  -1,  -1,  -1,
          -1,  -1,  -1,  -1,  -1,  -1,  -1,  -1,  -1,  -1,  -1,  -1,  -1,  -1,
          -1,  -1,  -1,  -1,  -1,  -1,  -1]], dtype=torch.int32)
tensor([62, 31, 53, 56, 38, 64, 60, 31, 57, 45, 11, 61, 60, 62, 57, 62, 54, 63,
        58, 56, 57, 57, 57, 63, 62, 62, 67, 61, 57, 62, 62, 53, 54, 60, 62, 58,
        57, 51, 66, 41, 64, 60, 61, 64, 55, 59, 58, 65, 63, 61, 48, 63, 62, 60,
        64, 59], dtype=torch.int32)
get 67 important tokens
tensor([[  1,   0,  68,  92, 141,  60,  76,  99, 102, 111, 114, 136,  27,  50,
          65,  88, 130,  18,  21,  41,  46,  55,   7,   5,  10,  30,  38,  43,
          49, 107, 116, 128,  32,  52,  64,  15,  20,  24,  35,  58,  69,  85,
          79,  96,  12, 118,  59,   9,  98, 121, 133,  53,  81, 125,  71,  89,
         113, 101,  75,  54, 135,   8,  -1,  -1,  -1,  -1,  -1],
        [ 55,  65, 116,   0,   1,  76, 102, 130, 136,  92, 141,  50,  88, 111,
          38, 114,   5,  68,  18,  46,  99,   7,  10,  21,  27,  60,  87,  71,
         107, 101, 113,  -1,  -1,  -1,  -1,  -1,  -1,  -1,  -1,  -1,  -1,  -1,
          -1,  -1,  -1,  -1,  -1,  -1,  -1,  -1,  -1,  -1,  -1,  -1,  -1,  -1,
          -1,  -1,  -1,  -1,  -1,  -1,  -1,  -1,  -1,  -1,  -1],
        [ 68,  92, 114, 141,   0,   1,  18,  21,  46,  50,  55,  60,  65,  99,
          76, 102, 116,   7, 107, 111, 130, 133, 136,  88,  10,  15,  20,  27,
          30,  32,  35,  38,  41,  43,  58,   5,  52,  85, 128,  12,  64,  98,
         121,  53,  49,  96,  24, 118,  59,  69,  71, 113, 125,  -1,  -1,  -1,
          -1,  -1,  -1,  -1,  -1,  -1,  -1,  -1,  -1,  -1,  -1]],
       dtype=torch.int32)
tensor([ 15,  57,  53,  60,  42,  56,  21,  58,  60,  60,  48,  61,  61,  62,
         56,  61,  45,  60,  56,  50,  54,  61,  33,  56,  59,  23,  57,  57,
         43,  55,  55,  54,  56,  27,  60,  60,  59,  41,  40,  62,  60,  60,
         59,  49,  61,  41,  56,  30, 127,  54,  58,  44,  59,  50,  62,  58],
       dtype=torch.int32)
get 127 important tokens
tensor([[129,   1,  91, 100,  94,  90, 126, 120,  87,  77,  84,   0,  34, 115,
         127,  -1,  -1,  -1,  -1,  -1,  -1,  -1,  -1,  -1,  -1,  -1,  -1,  -1,
          -1,  -1,  -1,  -1,  -1,  -1,  -1,  -1,  -1,  -1,  -1,  -1,  -1,  -1,
          -1,  -1,  -1,  -1,  -1,  -1,  -1,  -1,  -1,  -1,  -1,  -1,  -1,  -1,
          -1,  -1,  -1,  -1,  -1,  -1,  -1,  -1,  -1,  -1,  -1,  -1,  -1,  -1,
          -1,  -1,  -1,  -1,  -1,  -1,  -1,  -1,  -1,  -1,  -1,  -1,  -1,  -1,
          -1,  -1,  -1,  -1,  -1,  -1,  -1,  -1,  -1,  -1,  -1,  -1,  -1,  -1,
          -1,  -1,  -1,  -1,  -1,  -1,  -1,  -1,  -1,  -1,  -1,  -1,  -1,  -1,
          -1,  -1,  -1,  -1,  -1,  -1,  -1,  -1,  -1,  -1,  -1,  -1,  -1,  -1,
          -1],
        [  0,   1,  15,  27,  30,  38,  41,  58,  76, 111, 116, 130, 136,   7,
          10,  18,  20,  21,  35,  46,  50,  55,  60,  65,  68,  85,  88,  92,
          99, 102, 107, 114, 128, 141,  32,  43,  69,  24,  12,  49,  52,  53,
          59, 118,   5,  96, 135, 101,  71,  79,  64,  81,  98, 121, 125, 133,
           9,  -1,  -1,  -1,  -1,  -1,  -1,  -1,  -1,  -1,  -1,  -1,  -1,  -1,
          -1,  -1,  -1,  -1,  -1,  -1,  -1,  -1,  -1,  -1,  -1,  -1,  -1,  -1,
          -1,  -1,  -1,  -1,  -1,  -1,  -1,  -1,  -1,  -1,  -1,  -1,  -1,  -1,
          -1,  -1,  -1,  -1,  -1,  -1,  -1,  -1,  -1,  -1,  -1,  -1,  -1,  -1,
          -1,  -1,  -1,  -1,  -1,  -1,  -1,  -1,  -1,  -1,  -1,  -1,  -1,  -1,
          -1],
        [  0,   1,  21,  27,  41,  50,  60,  65,  76,  99, 102, 111, 114, 130,
         136,  30,  35,  38,  43,  58,  88, 116,  10,  18,  46,  55,  68,  92,
         141,   7,  15,  32,  52,  69, 107,  20,  96, 101, 128,  85, 121, 133,
           5,  89,  49,  59,  64,  24,  79, 135,  71,  81,  98,  -1,  -1,  -1,
          -1,  -1,  -1,  -1,  -1,  -1,  -1,  -1,  -1,  -1,  -1,  -1,  -1,  -1,
          -1,  -1,  -1,  -1,  -1,  -1,  -1,  -1,  -1,  -1,  -1,  -1,  -1,  -1,
          -1,  -1,  -1,  -1,  -1,  -1,  -1,  -1,  -1,  -1,  -1,  -1,  -1,  -1,
          -1,  -1,  -1,  -1,  -1,  -1,  -1,  -1,  -1,  -1,  -1,  -1,  -1,  -1,
          -1,  -1,  -1,  -1,  -1,  -1,  -1,  -1,  -1,  -1,  -1,  -1,  -1,  -1,
          -1]], dtype=torch.int32)
tensor([25, 61, 45, 26, 42, 57, 55, 60, 61, 60, 53, 59, 59, 58, 53, 35, 59, 58,
        60, 55, 61, 27, 52, 33, 60, 28,  6, 55, 35, 37, 57, 39, 60, 50, 58, 21,
        54, 11, 20, 37, 62, 59, 58,  6, 33, 62, 40, 59, 58, 30, 26, 50, 60, 60,
        33, 60], dtype=torch.int32)
get 62 important tokens
tensor([[ 18,  99, 102, 114, 116,  15,   0,   1,  50,  60,  65,  69, 133,  21,
          55,  68,  92, 141,  10,  46, 111, 136,  81,  98, 121,  -1,  -1,  -1,
          -1,  -1,  -1,  -1,  -1,  -1,  -1,  -1,  -1,  -1,  -1,  -1,  -1,  -1,
          -1,  -1,  -1,  -1,  -1,  -1,  -1,  -1,  -1,  -1,  -1,  -1,  -1,  -1,
          -1,  -1,  -1,  -1,  -1,  -1],
        [ 30,  41,  58,  85, 107, 116, 121, 128, 133,   0,   1,  46,  50,  55,
          60,  65,  68,  76,  88,  92,  99, 102, 111, 114, 130, 136, 141, 101,
         118,  18,  35,  10,  21,  96, 125, 131,   7,  15,  27,  38,  79,  81,
          98,  24,  32,  49,  52,  53,  59,  64,  20,  43,   5,  71,  89,  75,
         108,  69,  54,  12, 113,  -1],
        [ 52,  24,  32, 136,  71,  98,  85, 107, 128,   0,   1,  43,  69, 111,
          49,  58,  76,  96, 121, 124, 125, 131, 133, 135,  53, 116,  64,  88,
         102, 130,  20,  35,  75,  89, 101, 113,  30,  79,  81, 108, 114,  41,
          59, 118,  99,  -1,  -1,  -1,  -1,  -1,  -1,  -1,  -1,  -1,  -1,  -1,
          -1,  -1,  -1,  -1,  -1,  -1]], dtype=torch.int32)
tensor([ 58,  59,  26,   8,  50,  58,  23,  16,  37,  56,  31,  63,  58,  29,
         58,  36,  43,  30,   3,  54,  58,  56,  57,  53,  40,  58,  42,  21,
         52, 106,  49,   0,  53,  51,  60,  58,  57,  28,  60,  51,  39,  47,
         58,  40,  49,  15,  59,  45,  57,  53,  22,  23,  52,  34,  42,  58],
       dtype=torch.int32)
get 106 important tokens
tensor([[  1,   7,  18,  68,  92, 141,   0,  21,  46,  50,  55,  60,  65,  99,
         107, 114, 128,   5,  88, 102, 116, 130,  27,  38,  76, 136,  96,  98,
         101, 111, 121, 133,  10,  15,  30,  41,  69,  35,  43,  49,  58,  85,
          20,  32,  59,  75,  81, 125, 131,  52,  64,  71,  79,  24, 118, 135,
         113,  12,  -1,  -1,  -1,  -1,  -1,  -1,  -1,  -1,  -1,  -1,  -1,  -1,
          -1,  -1,  -1,  -1,  -1,  -1,  -1,  -1,  -1,  -1,  -1,  -1,  -1,  -1,
          -1,  -1,  -1,  -1,  -1,  -1,  -1,  -1,  -1,  -1,  -1,  -1,  -1,  -1,
          -1,  -1,  -1,  -1,  -1,  -1,  -1,  -1],
        [ 59,  96, 101, 113, 125, 118,   0,   1,  49,  75,  99, 102, 114, 130,
          20,  30,  38,  41,  52,  58,  81,  85,  88,  98, 107, 111, 121, 128,
         131, 135, 136,  92, 141,  18,  21,  55,  65,  68, 116,  35,  76,   7,
          15,  46,  32,  43,  50,  60, 133,  79, 108,  24,  27,  89,  71,   5,
          69,  10,  64,  -1,  -1,  -1,  -1,  -1,  -1,  -1,  -1,  -1,  -1,  -1,
          -1,  -1,  -1,  -1,  -1,  -1,  -1,  -1,  -1,  -1,  -1,  -1,  -1,  -1,
          -1,  -1,  -1,  -1,  -1,  -1,  -1,  -1,  -1,  -1,  -1,  -1,  -1,  -1,
          -1,  -1,  -1,  -1,  -1,  -1,  -1,  -1],
        [ 34,   0,   1,  68,  92, 141,  80, 127,   7,  18,   4,   5,  33,  17,
          21,  89,  46,  65,  50,  55,  60,  99, 114, 129, 130,  76,  -1,  -1,
          -1,  -1,  -1,  -1,  -1,  -1,  -1,  -1,  -1,  -1,  -1,  -1,  -1,  -1,
          -1,  -1,  -1,  -1,  -1,  -1,  -1,  -1,  -1,  -1,  -1,  -1,  -1,  -1,
          -1,  -1,  -1,  -1,  -1,  -1,  -1,  -1,  -1,  -1,  -1,  -1,  -1,  -1,
          -1,  -1,  -1,  -1,  -1,  -1,  -1,  -1,  -1,  -1,  -1,  -1,  -1,  -1,
          -1,  -1,  -1,  -1,  -1,  -1,  -1,  -1,  -1,  -1,  -1,  -1,  -1,  -1,
          -1,  -1,  -1,  -1,  -1,  -1,  -1,  -1]], dtype=torch.int32)
tensor([36, 56, 51, 57, 60, 52, 53, 57, 28, 45, 13, 15, 43, 28, 55, 47, 48, 47,
        39, 26, 51, 52, 55, 26, 17, 57, 44, 21, 29, 57, 29,  8, 56, 45, 34, 14,
        55, 16, 50, 39, 52, 33, 33, 19, 46, 99, 46, 55, 44, 59, 26, 56, 51, 36,
        42, 57], dtype=torch.int32)
get 99 important tokens
tensor([[ 46,  55,  68,  92, 141,   0,   1, 107,  50, 106,  60,   7,  35,  18,
          21,  65,  27,  88,  76, 111, 130,  15,  85,  67,  20, 128, 116,  38,
           6, 131,  58,  79,  52,  64,  71,  24,  -1,  -1,  -1,  -1,  -1,  -1,
          -1,  -1,  -1,  -1,  -1,  -1,  -1,  -1,  -1,  -1,  -1,  -1,  -1,  -1,
          -1,  -1,  -1,  -1,  -1,  -1,  -1,  -1,  -1,  -1,  -1,  -1,  -1,  -1,
          -1,  -1,  -1,  -1,  -1,  -1,  -1,  -1,  -1,  -1,  -1,  -1,  -1,  -1,
          -1,  -1,  -1,  -1,  -1,  -1,  -1,  -1,  -1,  -1,  -1,  -1,  -1,  -1,
          -1],
        [  0,   1,  76, 116, 136,  85,  96, 107, 128, 131,  69,  79,  81,  98,
         121, 133,  30,  58,  88, 102, 111, 114, 130, 125,  68,  92, 141, 113,
         101,   7,  18,  21,  35,  49,  99, 108,  27,  38,  52, 118, 135,  46,
          50,  55,  60,  65,  32,  43,  59,  20,  64,  71,  41,   5,  10,  15,
          -1,  -1,  -1,  -1,  -1,  -1,  -1,  -1,  -1,  -1,  -1,  -1,  -1,  -1,
          -1,  -1,  -1,  -1,  -1,  -1,  -1,  -1,  -1,  -1,  -1,  -1,  -1,  -1,
          -1,  -1,  -1,  -1,  -1,  -1,  -1,  -1,  -1,  -1,  -1,  -1,  -1,  -1,
          -1],
        [  0,   1,  92,  68, 116, 141,   7,  18,  21,  46,  55,  65,   5,  10,
          15,  30,  35,  38,  41,  49,  50,  58,  59,  60,  69,  76,  79,  85,
          88,  98,  99, 102, 107, 111, 114, 121, 128, 130, 136,  96, 118, 131,
          27,  20,  81, 133, 101,  24,  32,  43, 113,  -1,  -1,  -1,  -1,  -1,
          -1,  -1,  -1,  -1,  -1,  -1,  -1,  -1,  -1,  -1,  -1,  -1,  -1,  -1,
          -1,  -1,  -1,  -1,  -1,  -1,  -1,  -1,  -1,  -1,  -1,  -1,  -1,  -1,
          -1,  -1,  -1,  -1,  -1,  -1,  -1,  -1,  -1,  -1,  -1,  -1,  -1,  -1,
          -1]], dtype=torch.int32)
tensor([58, 51, 51, 32, 23, 26, 56, 28, 38, 42, 57, 58, 53, 53, 13, 56, 57, 47,
        31, 38, 25, 58, 50, 10, 54, 55, 58, 57, 22, 19, 23, 34, 17, 56, 40, 30,
        58, 53, 55, 31, 59, 50, 24, 28, 27, 40, 55, 11, 23,  4, 30, 54, 58, 24,
        44, 58], dtype=torch.int32)
get 59 important tokens
tensor([[  0,   1, 136, 135, 125,  18,  21,  46,  50,  60,  65,  68,  69,  92,
          99, 102, 111, 114, 118, 141,  81,  96, 121,  59, 113,  38,  55, 133,
          76,   7,  27,  64,  88, 130,  75,  79,  98, 131,  20,  30,  35,  41,
          43,  49,  52,  58,  85, 107, 116, 128,  71, 101,   5,  10,  15,  32,
         108,  24,  -1],
        [  0,   1, 141,   7,  55,  89,  65,  92,  68, 116,  18,  10,  21,  30,
          35,  41,  46,  58,  85, 107, 128, 131,  76,  98,  99, 102, 111, 113,
         114, 136,  60,  88, 130,   5, 101, 117, 133,  27,  38,  20,  15, 121,
          69,  59,  96, 109, 118,  71,  79,  24,  49,  -1,  -1,  -1,  -1,  -1,
          -1,  -1,  -1],
        [ 50,  60,  76,  99, 102, 111, 114, 136,  59,  65,  96, 118, 130,   1,
          81,   0,  21, 113,  55,  68,  92, 141,  46,  18,  88,  69, 116,   7,
          38,  85, 107, 108, 128,  98, 131, 133,  79,  27,  35,  41,  49,  58,
         125,  30,  43, 135, 122, 121,  10,   5,  15,  -1,  -1,  -1,  -1,  -1,
          -1,  -1,  -1]], dtype=torch.int32)
tensor([16, 15, 58, 13, 34, 36, 15, 57, 60, 38, 55, 20, 44, 53, 50, 31, 41, 51,
        11, 57, 13, 55, 45,  8, 75, 31, 58, 46, 49, 38, 40, 38,  9, 12, 12, 50,
        21, 19, 16, 41, 60, 18, 16, 60, 33, 22, 51, 58, 28, 24, 37, 22, 36, 53,
        39, 18], dtype=torch.int32)
get 75 important tokens
tensor([[  0,   1,  99, 102, 114,  74, 111,  27, 120,  96,  69,  50,  60,  76,
          21, 118,  -1,  -1,  -1,  -1,  -1,  -1,  -1,  -1,  -1,  -1,  -1,  -1,
          -1,  -1,  -1,  -1,  -1,  -1,  -1,  -1,  -1,  -1,  -1,  -1,  -1,  -1,
          -1,  -1,  -1,  -1,  -1,  -1,  -1,  -1,  -1,  -1,  -1,  -1,  -1,  -1,
          -1,  -1,  -1,  -1,  -1,  -1,  -1,  -1,  -1,  -1,  -1,  -1,  -1,  -1,
          -1,  -1,  -1,  -1,  -1],
        [103,  14, 118, 100, 132,  69, 102, 120, 127,  51,  99, 114, 106, 126,
         109,  -1,  -1,  -1,  -1,  -1,  -1,  -1,  -1,  -1,  -1,  -1,  -1,  -1,
          -1,  -1,  -1,  -1,  -1,  -1,  -1,  -1,  -1,  -1,  -1,  -1,  -1,  -1,
          -1,  -1,  -1,  -1,  -1,  -1,  -1,  -1,  -1,  -1,  -1,  -1,  -1,  -1,
          -1,  -1,  -1,  -1,  -1,  -1,  -1,  -1,  -1,  -1,  -1,  -1,  -1,  -1,
          -1,  -1,  -1,  -1,  -1],
        [  0,  96, 111, 136, 118, 130,   1,  58,  85, 107, 128,  24,  32,  43,
          52,  64,  98, 121, 125, 133, 101, 113, 131, 116,  35,  71,  88,  55,
          92, 141,  18,  46,  59,  68,  69,  99, 102, 114,  75,  79,  81, 108,
          21,  50,  60,  65,  10,  15,  41,  49,  76,   5, 135,   7,  20,  30,
          27,  38,  -1,  -1,  -1,  -1,  -1,  -1,  -1,  -1,  -1,  -1,  -1,  -1,
          -1,  -1,  -1,  -1,  -1]], dtype=torch.int32)
tensor([27, 56, 57, 35, 51, 53, 55, 16, 49, 44, 48, 36, 47, 22, 25, 24, 26, 34,
        18, 55, 61, 40, 28, 40, 44, 32, 57, 51, 30, 54, 54, 12, 30, 39, 18, 10,
        43, 26, 14, 26, 33, 34, 25, 39, 54, 33, 37,  6, 28, 25, 54, 43, 55, 10,
        69,  8], dtype=torch.int32)
get 69 important tokens
tensor([[ 64,  71,  75,  81,  98, 121, 133, 118, 125, 135, 102,   1,  50, 128,
          96,   0, 108,  58, 107,  23, 114,  20,  32,  79,  69,  85,  35,  -1,
          -1,  -1,  -1,  -1,  -1,  -1,  -1,  -1,  -1,  -1,  -1,  -1,  -1,  -1,
          -1,  -1,  -1,  -1,  -1,  -1,  -1,  -1,  -1,  -1,  -1,  -1,  -1,  -1,
          -1,  -1,  -1,  -1,  -1,  -1,  -1,  -1,  -1,  -1,  -1,  -1,  -1],
        [ 18,  68,  92, 141,  65,  49,  81,  98, 107, 128,   7,  21,  46,  55,
         130, 116, 102, 114,  75, 121, 125, 133,   1,  88,   5,  27,  38,  30,
          35,  41,  85,  10,  50,  58,  60,  99,  15,  59,  64,  71,  76,  79,
          96, 111,   0,  43, 118, 136,  69, 101, 131,  24,  32, 135, 113,  20,
          -1,  -1,  -1,  -1,  -1,  -1,  -1,  -1,  -1,  -1,  -1,  -1,  -1],
        [141,  41,  68,  92, 107, 116, 128,   0,  18,  46,  27,  65,  69,  99,
         102, 114,   1,  38, 118, 101,  55,  59,  60,  76,  85,  88,  96, 111,
         130, 131, 113,  50,  81, 108,  21,  52,  71, 121, 133, 136,  57,  35,
          43,  58,  64,  10,  98,  49,  15,  30,  75,  79,  20,  89,   5,  24,
           7,  -1,  -1,  -1,  -1,  -1,  -1,  -1,  -1,  -1,  -1,  -1,  -1]],
       dtype=torch.int32)
tensor([ 51,  61,  54,  32,  62,  56,  64,  26,  40,  37,  36,  51,  61,  53,
         68,  61,  52,  46,  26,  70,  35, 103,  41,  62,  62,  61,  64,  40,
         64,  57,  61,  59,  82,  48,  43,  46,  60,  26,  12,  40,  64,  11,
         61, 128,  24,  63,  14,  57,  49, 107,  49,  62,  28,  42,  23,  40],
       dtype=torch.int32)
get 128 important tokens
tensor([[ 81, 131, 116,  49,  41, 133,  24, 110,  20,  79,  53,  74,  75, 121,
         130, 125,  27,  38,  15,  32,  43,  52,  88, 135,  89, 113,  71,  98,
         108,  10,  30,  59,  96, 132, 118,  18,  68,  92, 141,  46,  55,  58,
          85, 107, 128, 103,  35,  64,   0,   1, 101,  -1,  -1,  -1,  -1,  -1,
          -1,  -1,  -1,  -1,  -1,  -1,  -1,  -1,  -1,  -1,  -1,  -1,  -1,  -1,
          -1,  -1,  -1,  -1,  -1,  -1,  -1,  -1,  -1,  -1,  -1,  -1,  -1,  -1,
          -1,  -1,  -1,  -1,  -1,  -1,  -1,  -1,  -1,  -1,  -1,  -1,  -1,  -1,
          -1,  -1,  -1,  -1,  -1,  -1,  -1,  -1,  -1,  -1,  -1,  -1,  -1,  -1,
          -1,  -1,  -1,  -1,  -1,  -1,  -1,  -1,  -1,  -1,  -1,  -1,  -1,  -1,
          -1,  -1],
        [ 27,  38,  49,  50,  59,  60,  98,  46,  65,  75,  85,  96,  99, 102,
         107, 113, 114, 121, 125, 128, 130, 131, 133, 135,  79, 116,  10,  15,
          21,  24,  32,  35,  43,  55,  58,  68,  81,  92,   5,   7,  76,  52,
          64,  71,  20,  88, 118, 141,  41,  18,  69,  30, 101, 111, 108,   0,
           1, 122, 136,  89,   4,  -1,  -1,  -1,  -1,  -1,  -1,  -1,  -1,  -1,
          -1,  -1,  -1,  -1,  -1,  -1,  -1,  -1,  -1,  -1,  -1,  -1,  -1,  -1,
          -1,  -1,  -1,  -1,  -1,  -1,  -1,  -1,  -1,  -1,  -1,  -1,  -1,  -1,
          -1,  -1,  -1,  -1,  -1,  -1,  -1,  -1,  -1,  -1,  -1,  -1,  -1,  -1,
          -1,  -1,  -1,  -1,  -1,  -1,  -1,  -1,  -1,  -1,  -1,  -1,  -1,  -1,
          -1,  -1],
        [ 99, 102, 114,  58,  50,  76,  96, 111, 136,  98, 101,  81,  21, 125,
         131, 107, 135,  60,  85, 128, 133,  59, 121, 141, 108,   5,  79,  75,
         118,  49, 124, 132, 113,  69,  65,  94,  71, 120,  89, 122,  24,  27,
          35, 110, 116, 119,  92, 130,  68,  64,   2,   4,  20,  52,  -1,  -1,
          -1,  -1,  -1,  -1,  -1,  -1,  -1,  -1,  -1,  -1,  -1,  -1,  -1,  -1,
          -1,  -1,  -1,  -1,  -1,  -1,  -1,  -1,  -1,  -1,  -1,  -1,  -1,  -1,
          -1,  -1,  -1,  -1,  -1,  -1,  -1,  -1,  -1,  -1,  -1,  -1,  -1,  -1,
          -1,  -1,  -1,  -1,  -1,  -1,  -1,  -1,  -1,  -1,  -1,  -1,  -1,  -1,
          -1,  -1,  -1,  -1,  -1,  -1,  -1,  -1,  -1,  -1,  -1,  -1,  -1,  -1,
          -1,  -1]], dtype=torch.int32)
tensor([43, 20, 27, 17, 55, 49, 62, 31, 56, 58, 53, 62, 28, 54, 47, 27, 65, 54,
        60, 55, 53, 18, 48, 22, 17, 60, 62, 41, 58, 52, 42, 52, 36, 24, 64, 62,
        60, 58,  8, 51, 34, 50, 60, 37, 53, 30, 69, 54, 20, 43, 58, 76, 20, 56,
        36, 35], dtype=torch.int32)
get 76 important tokens
tensor([[108, 103, 119,  68,  81,  92, 141, 110, 122, 102, 109,  18, 136, 107,
         138, 132, 113, 117, 124, 135, 139, 140,  69, 101,  86,  89, 111,  99,
         114,  65, 116, 128, 130,  85,  98, 121, 133, 118, 125, 131, 137, 100,
          79,  -1,  -1,  -1,  -1,  -1,  -1,  -1,  -1,  -1,  -1,  -1,  -1,  -1,
          -1,  -1,  -1,  -1,  -1,  -1,  -1,  -1,  -1,  -1,  -1,  -1,  -1,  -1,
          -1,  -1,  -1,  -1,  -1,  -1],
        [  5,   2,  57,   4,   9,  37,  70,  25,   0,  24,  17,  26,   7,  74,
          97, 132, 116,  67,  13,  47,  -1,  -1,  -1,  -1,  -1,  -1,  -1,  -1,
          -1,  -1,  -1,  -1,  -1,  -1,  -1,  -1,  -1,  -1,  -1,  -1,  -1,  -1,
          -1,  -1,  -1,  -1,  -1,  -1,  -1,  -1,  -1,  -1,  -1,  -1,  -1,  -1,
          -1,  -1,  -1,  -1,  -1,  -1,  -1,  -1,  -1,  -1,  -1,  -1,  -1,  -1,
          -1,  -1,  -1,  -1,  -1,  -1],
        [134, 137,  92, 141, 136, 131, 107, 128,  96, 125,  98, 130,  94, 116,
          68, 114,  99, 102, 121,  80, 127, 122,  46,  55,  88,  18,  69,  -1,
          -1,  -1,  -1,  -1,  -1,  -1,  -1,  -1,  -1,  -1,  -1,  -1,  -1,  -1,
          -1,  -1,  -1,  -1,  -1,  -1,  -1,  -1,  -1,  -1,  -1,  -1,  -1,  -1,
          -1,  -1,  -1,  -1,  -1,  -1,  -1,  -1,  -1,  -1,  -1,  -1,  -1,  -1,
          -1,  -1,  -1,  -1,  -1,  -1]], dtype=torch.int32)
tensor([ 59,  62,  41,  68,  25,  53,  41,  52,   9,  68,  37,  56,  24,  60,
         51,  46,  57,  34,  27,  40,  65,  22,  25,  55,  19,  62,  62,  64,
         54,  57,  63,  13,  62,  43, 120,  20,  54,  47,  58,  52, 108,  83,
         58,  43,   8,  18,  26,  35,  48,  56,  18,  50,  43,  51,  19,  55],
       dtype=torch.int32)
get 120 important tokens
tensor([[ 98,  24,   5,  21,  46, 107, 116,  79, 101, 113,  32,  35,  58,  85,
         128,  18,  50,  60,  76,  10,  20,  43,  52,  71,  88, 131,  55, 130,
          68,  81,  92, 141,  75, 121,   7,  15, 133,  64,   0,   1, 118,  69,
          49,  96,  99, 111, 102,  59, 125, 135, 136,  53,  65, 114,   4,  38,
          89, 122, 134,  -1,  -1,  -1,  -1,  -1,  -1,  -1,  -1,  -1,  -1,  -1,
          -1,  -1,  -1,  -1,  -1,  -1,  -1,  -1,  -1,  -1,  -1,  -1,  -1,  -1,
          -1,  -1,  -1,  -1,  -1,  -1,  -1,  -1,  -1,  -1,  -1,  -1,  -1,  -1,
          -1,  -1,  -1,  -1,  -1,  -1,  -1,  -1,  -1,  -1,  -1,  -1,  -1,  -1,
          -1,  -1,  -1,  -1,  -1,  -1,  -1,  -1],
        [ 69, 113,  96, 107,  49,  59,  85,  98, 125, 128, 135, 141,   0,  71,
          75, 101,  24,  35, 121,  89,  21,  81,  99, 111, 108,  76, 136, 122,
          58, 133,  18,  68,  92,  46,  55,   1, 114,  38,  43,  79, 118,   7,
          50,  60,  27,  30,  41,  52,  10,  15,  32, 124,  64,   4,  65, 102,
           5, 131,  20, 116,  88, 130,  -1,  -1,  -1,  -1,  -1,  -1,  -1,  -1,
          -1,  -1,  -1,  -1,  -1,  -1,  -1,  -1,  -1,  -1,  -1,  -1,  -1,  -1,
          -1,  -1,  -1,  -1,  -1,  -1,  -1,  -1,  -1,  -1,  -1,  -1,  -1,  -1,
          -1,  -1,  -1,  -1,  -1,  -1,  -1,  -1,  -1,  -1,  -1,  -1,  -1,  -1,
          -1,  -1,  -1,  -1,  -1,  -1,  -1,  -1],
        [  0,   1,  49,  70,   4,  16,  98,  59,  96, 136,   7,  15,  24,  30,
          41,  10,  18,  20,  32,  43,  52,  46,  55,   5,  21,  65,  88,  12,
          92, 130, 141,  69, 116, 114,  27,  38,  99, 102,  50,  60,  81,  -1,
          -1,  -1,  -1,  -1,  -1,  -1,  -1,  -1,  -1,  -1,  -1,  -1,  -1,  -1,
          -1,  -1,  -1,  -1,  -1,  -1,  -1,  -1,  -1,  -1,  -1,  -1,  -1,  -1,
          -1,  -1,  -1,  -1,  -1,  -1,  -1,  -1,  -1,  -1,  -1,  -1,  -1,  -1,
          -1,  -1,  -1,  -1,  -1,  -1,  -1,  -1,  -1,  -1,  -1,  -1,  -1,  -1,
          -1,  -1,  -1,  -1,  -1,  -1,  -1,  -1,  -1,  -1,  -1,  -1,  -1,  -1,
          -1,  -1,  -1,  -1,  -1,  -1,  -1,  -1]], dtype=torch.int32)
tensor([37, 53, 61, 38, 50, 40, 49, 33, 55, 59, 53, 20, 37, 35, 22, 26, 46, 22,
        56, 49, 34, 20, 60, 29, 51, 54, 60, 22, 56, 58, 55, 46, 34, 45, 53, 24,
        61, 47, 62, 56, 56, 38, 50, 32, 38, 22, 53, 35, 22, 23, 51, 49, 42, 57,
        29, 52], dtype=torch.int32)
get 62 important tokens
tensor([[112, 106,  25, 119,  97, 120,  94, 141,  83,  82,   8,  77,  57,  70,
         104, 139, 109,  84,  93,  73, 110, 117, 137,  74,  92,  78, 123, 107,
           0,  19,  68,  18,  95,  48,  31, 132, 138,  -1,  -1,  -1,  -1,  -1,
          -1,  -1,  -1,  -1,  -1,  -1,  -1,  -1,  -1,  -1,  -1,  -1,  -1,  -1,
          -1,  -1,  -1,  -1,  -1,  -1],
        [102, 114, 141,  89, 116, 117, 108,  83, 115, 109, 124, 128, 132, 133,
          99, 118, 121,  98, 120, 111, 139,  79, 113,  85, 119, 126, 131, 107,
         112, 129, 136, 101, 122, 134,  88, 137, 127,  76, 125, 130, 110,  81,
         123,  92, 105, 135,  75,  71, 138,  82,  96,  86, 140,  -1,  -1,  -1,
          -1,  -1,  -1,  -1,  -1,  -1],
        [141, 113, 125, 121, 133, 135,  52,  64,  71,  75,  79,  88, 107, 116,
         128,   0,  18,  68,  92,  49,  96, 108,  15,  20,  24,  32,  76,  81,
         111, 136, 109, 101,  98, 118,  30,  35,  46,  55, 122,  89,  38, 114,
          50,  58,  60, 131,  41, 130,   7,  10,  53,  43,  27,  21,  69,  99,
         102,  59, 124,  85,   1,  -1]], dtype=torch.int32)
tensor([64, 19, 63, 45, 47, 59, 42, 61, 27, 56, 40, 45, 54, 58, 56, 61, 49, 73,
        57, 33, 22, 41, 42, 47, 37, 33, 32, 24, 54, 25, 55, 26, 59, 51, 58, 23,
        64, 54, 42, 46, 50, 37, 23, 61, 63, 31, 37, 55, 54, 29, 42, 58, 52, 36,
        42, 50], dtype=torch.int32)
get 73 important tokens
tensor([[ 79,  81, 128,  18, 113, 131,  20,  68,  88,  92, 116, 141,  49,  96,
          85, 107,  24,  98,  53,  89,  65,  32, 121, 133,  69,  30,  46,  55,
          58,  59,  75, 125, 135,   0,   7,  71,   5,  10,  15,  35,  64,  99,
         108, 118, 124,  21,  41,  50,  76, 102, 114, 130,  43, 111, 136, 101,
          52,  60,  27,   1,  74, 109,  38,   4,  -1,  -1,  -1,  -1,  -1,  -1,
          -1,  -1,  -1],
        [141, 116,  98, 113,  41,  92,  68,  69,  99,  60,  96, 131,  18, 130,
         108, 140, 107, 111, 133,  -1,  -1,  -1,  -1,  -1,  -1,  -1,  -1,  -1,
          -1,  -1,  -1,  -1,  -1,  -1,  -1,  -1,  -1,  -1,  -1,  -1,  -1,  -1,
          -1,  -1,  -1,  -1,  -1,  -1,  -1,  -1,  -1,  -1,  -1,  -1,  -1,  -1,
          -1,  -1,  -1,  -1,  -1,  -1,  -1,  -1,  -1,  -1,  -1,  -1,  -1,  -1,
          -1,  -1,  -1],
        [101, 113,  75,  79,  69, 107, 131, 135,  21,  96,  98, 102, 128,  71,
         136,  32,  43,  52,  58, 133, 132,  76,  89,  99, 108, 119,  18,  68,
          92, 141,   0,   8,  30,  85, 117,   5,   7,  41,  49, 121, 124,  81,
          24,  50,  60,   1,  64,  35, 109,  83, 114, 111,  59,  65,  20,  46,
          15, 130,  82,  88,  10,  55, 116,  -1,  -1,  -1,  -1,  -1,  -1,  -1,
          -1,  -1,  -1]], dtype=torch.int32)
tensor([45, 52, 46, 48, 51, 49, 43, 56, 40, 29, 23, 56, 37, 41, 23, 38, 32, 63,
        37, 19, 43, 34, 21, 52, 43, 46, 43, 24, 51, 50, 56, 32, 37, 49, 42, 28,
        52, 50, 55, 47, 59, 34, 59, 52, 57, 29, 41, 63, 23, 35, 23, 36, 51, 59,
        33, 43], dtype=torch.int32)
get 63 important tokens
tensor([[ 69,  98, 116, 111, 113, 125, 141,  93, 102, 114, 122, 131,  71,  99,
         107, 128,  75,  85,  96, 119, 135, 118, 126,  92, 101, 130, 105,  88,
          94, 124, 121,  97, 100,  68, 106, 103,  76,  90, 139, 123, 133, 136,
         140, 132,  79,  -1,  -1,  -1,  -1,  -1,  -1,  -1,  -1,  -1,  -1,  -1,
          -1,  -1,  -1,  -1,  -1,  -1,  -1],
        [ 68,  92,  18, 141,  69,  49,  59,  89,  96, 118, 132,  30, 113,  46,
          85,  88, 107, 130,   4,  24,  55,  98, 131,   1,  71, 124,  75,  76,
         133, 135, 121,  52,  15,  20,  43,  79,   7,  58, 128,  27, 101,  50,
         122,   5,   0,  21, 117,  10,  32, 108,  99, 114,  -1,  -1,  -1,  -1,
          -1,  -1,  -1,  -1,  -1,  -1,  -1],
        [ 97, 134, 124,  61,  78, 123,  19, 139,   6,  37, 138,  49,   3,   0,
         110,  83,  89,   8,  16, 137,   9,  59,  63,  74,  77,  87, 132, 119,
          14, 140,   1,  51,  86, 112,  31,  26, 109,  24, 141, 120,  69,  96,
         117,  95,  70,  29,  -1,  -1,  -1,  -1,  -1,  -1,  -1,  -1,  -1,  -1,
          -1,  -1,  -1,  -1,  -1,  -1,  -1]], dtype=torch.int32)
tensor([24, 32, 38, 21, 40, 36, 28, 27, 43, 20, 43, 39, 37, 55, 31, 40, 33, 44,
        45, 46, 37, 35, 25, 35, 42, 49, 35, 32, 62, 43, 22, 66, 24, 39, 39, 39,
        14, 37, 17, 35, 42, 29, 32, 36, 20, 44, 52, 36, 44, 33, 24, 29, 35, 32,
        38, 19], dtype=torch.int32)
get 66 important tokens
tensor([[ 69,  97, 103, 105,  57, 137,  40, 100,  84, 123,   6, 112,  29,  73,
         106,  83,  74, 132, 134,  45,  91, 127,  95,  67,  -1,  -1,  -1,  -1,
          -1,  -1,  -1,  -1,  -1,  -1,  -1,  -1,  -1,  -1,  -1,  -1,  -1,  -1,
          -1,  -1,  -1,  -1,  -1,  -1,  -1,  -1,  -1,  -1,  -1,  -1,  -1,  -1,
          -1,  -1,  -1,  -1,  -1,  -1,  -1,  -1,  -1,  -1],
        [105,  68,  97,  69, 141,  93,  92, 101, 114, 136, 102,  94, 100, 118,
          82, 119, 140, 103, 129,  99, 104, 139,  90, 111,  91,  80, 133,  95,
          70, 134, 106, 115,  -1,  -1,  -1,  -1,  -1,  -1,  -1,  -1,  -1,  -1,
          -1,  -1,  -1,  -1,  -1,  -1,  -1,  -1,  -1,  -1,  -1,  -1,  -1,  -1,
          -1,  -1,  -1,  -1,  -1,  -1,  -1,  -1,  -1,  -1],
        [141,  68,  92,   0,  87, 101,   1,  20,   7,  46,  55,  64,  85,  88,
         107, 116, 128, 130,  58,  18, 111,  27,  38,  35, 121, 131, 133,  79,
         113,  71,  10,  15,  98,  32, 125,  30,  41, 118,  -1,  -1,  -1,  -1,
          -1,  -1,  -1,  -1,  -1,  -1,  -1,  -1,  -1,  -1,  -1,  -1,  -1,  -1,
          -1,  -1,  -1,  -1,  -1,  -1,  -1,  -1,  -1,  -1]], dtype=torch.int32)
tensor([53, 33, 53, 33, 37, 23, 58, 46, 31, 35, 31, 20, 14, 38, 33, 25, 48, 41,
        36, 30, 51, 37, 32, 30, 21, 50, 22, 38, 35, 31, 31, 35, 45, 56, 25, 23,
        47, 38, 32, 31, 25, 15, 31, 30, 47, 30, 58, 54, 41, 30, 43, 39, 43, 26,
        33, 24], dtype=torch.int32)
get 58 important tokens
tensor([[116,  30,  92,  18, 107, 141,  46,  68,  81,  49, 109, 118, 131,   0,
          88,  89, 124, 134, 135,  98,  75,  85,  38,  58, 108, 117, 137, 130,
         136,  55, 125,   1,  52, 128, 133,  64, 121,  54,  35, 113,  59, 111,
         119,  27,  43,  63, 110,  41, 132, 122, 112, 138, 140,  -1,  -1,  -1,
          -1,  -1],
        [116,  92, 113, 141,  68, 107,  88, 130, 123, 121, 110,  98, 108, 103,
         112, 131, 106, 118, 115,  96, 109, 105,  82, 104, 128, 117, 111, 101,
         135, 138,   1, 140,  89,  -1,  -1,  -1,  -1,  -1,  -1,  -1,  -1,  -1,
          -1,  -1,  -1,  -1,  -1,  -1,  -1,  -1,  -1,  -1,  -1,  -1,  -1,  -1,
          -1,  -1],
        [  0,   1, 141,  68,  92,  80,  75,  85,  79, 111,  64,  81,  71,  98,
         128,   4,  69,  58, 114, 121, 136,   5,  76,  96,  99,  89, 107,  52,
         102,  32,  60,  18,  88, 131, 113, 116, 133,   7,  21,  20,  15,  43,
         125,  41, 135,  46,  30,  55,  27,  35,  49, 118,  38,  -1,  -1,  -1,
          -1,  -1]], dtype=torch.int32)
tensor([39, 34, 33, 39, 37, 34, 53, 32, 29, 34, 23, 27, 18, 43, 40, 21, 45, 28,
        50, 25, 28, 22, 39, 49, 28, 34, 34, 40, 31, 21, 39, 32, 29, 33, 52, 33,
        38, 36, 29, 33, 51, 30, 30, 24, 28, 52, 44, 25, 38, 42, 54, 30, 43, 29,
        36, 30], dtype=torch.int32)
get 54 important tokens
tensor([[141,  93, 131, 111, 114,  98, 116, 138,   5,  96, 133, 121, 102, 117,
         113,  92, 118,  81, 107,  18,  68,  97,   4,  99, 128, 109,  75,  10,
          76,   0,   1,  88, 101,  12,  15,   9, 122,  85, 124,  -1,  -1,  -1,
          -1,  -1,  -1,  -1,  -1,  -1,  -1,  -1,  -1,  -1,  -1,  -1],
        [118, 107,  92, 116, 141, 121, 125, 110, 117, 133,  69, 130, 113, 132,
         136,  88, 114,  18,  68, 102,  99, 131,  49, 101,  19,  30, 119,  74,
           0,   1,  46, 135,  65,  93,  -1,  -1,  -1,  -1,  -1,  -1,  -1,  -1,
          -1,  -1,  -1,  -1,  -1,  -1,  -1,  -1,  -1,  -1,  -1,  -1],
        [ 69,  73,  92, 141,  99, 118,   1,   0, 102, 131,  98, 119, 129,  32,
         107,  18,  68, 113,  15,  79,  85,  87,  46, 101, 115,  88,  75, 124,
          76,  35, 133,  71, 116,  -1,  -1,  -1,  -1,  -1,  -1,  -1,  -1,  -1,
          -1,  -1,  -1,  -1,  -1,  -1,  -1,  -1,  -1,  -1,  -1,  -1]],
       dtype=torch.int32)
tensor([26, 23, 33, 30, 25, 19, 31, 29, 32, 28, 20, 35, 36, 42, 29, 27, 48, 42,
        18, 28, 28, 40, 32, 24, 45, 31, 29, 36, 29, 42, 32, 29, 20, 37, 40, 29,
        32, 18, 32, 41, 21, 34, 28, 24, 19, 26, 47, 22, 48, 33, 24, 20, 18, 28,
        26, 37], dtype=torch.int32)
get 48 important tokens
tensor([[116, 141,   1, 117, 126,  18, 130,  89,  92,  96,  68,   0, 107,  97,
          98, 110, 112,  99, 101, 128, 111, 106, 136, 119, 118,  64,  -1,  -1,
          -1,  -1,  -1,  -1,  -1,  -1,  -1,  -1,  -1,  -1,  -1,  -1,  -1,  -1,
          -1,  -1,  -1,  -1,  -1,  -1],
        [ 75, 141,  68,  92,  69,  96, 109,   1, 132, 108,   6, 140, 116,   0,
          18, 110,  59,   5,  78, 107,  50,  60, 113,  -1,  -1,  -1,  -1,  -1,
          -1,  -1,  -1,  -1,  -1,  -1,  -1,  -1,  -1,  -1,  -1,  -1,  -1,  -1,
          -1,  -1,  -1,  -1,  -1,  -1],
        [ 17, 118, 141, 128,   7,  92,  43,   5,  32,  35,  96,  71, 121,  58,
          98, 115, 120, 103,   4, 130,  64,  68,  15,  88,  18,  46, 107, 116,
          20,  21, 140,  37,  23,  -1,  -1,  -1,  -1,  -1,  -1,  -1,  -1,  -1,
          -1,  -1,  -1,  -1,  -1,  -1]], dtype=torch.int32)
tensor([31, 29, 28, 25, 29, 16, 21, 24, 32, 28, 28, 22, 19, 36, 44, 30, 31, 21,
        27, 18, 31, 20, 26, 26, 30, 39, 22, 24, 31, 26, 29, 19, 35, 37, 20, 43,
        53, 25, 27, 32, 22, 28, 42, 24, 29, 39, 56, 33, 25, 25, 27, 31, 31, 23,
        41, 24], dtype=torch.int32)
get 56 important tokens
tensor([[ 92,  98, 112,   1, 141, 131,  68, 109,   0,  85, 108,  70, 117, 107,
         116, 110,   4, 111, 135,  96,  95,  61, 103, 137,  71, 133,  18, 113,
          74, 130, 125,  -1,  -1,  -1,  -1,  -1,  -1,  -1,  -1,  -1,  -1,  -1,
          -1,  -1,  -1,  -1,  -1,  -1,  -1,  -1,  -1,  -1,  -1,  -1,  -1,  -1],
        [ 92, 141, 108, 110, 116, 118, 130,   1,   0,  18, 114, 102, 109,  97,
         111, 107,  98,  99,  68,  93,  69, 112,   4, 100,  88,  30, 133,  90,
          23,  -1,  -1,  -1,  -1,  -1,  -1,  -1,  -1,  -1,  -1,  -1,  -1,  -1,
          -1,  -1,  -1,  -1,  -1,  -1,  -1,  -1,  -1,  -1,  -1,  -1,  -1,  -1],
        [  0, 113,  98, 133,   5, 121,  99,   1, 141, 126, 116, 136,  96,  73,
          75,   4,  24, 122, 117,  92, 119,  20,  85,  15,  58,  18, 114,  68,
          -1,  -1,  -1,  -1,  -1,  -1,  -1,  -1,  -1,  -1,  -1,  -1,  -1,  -1,
          -1,  -1,  -1,  -1,  -1,  -1,  -1,  -1,  -1,  -1,  -1,  -1,  -1,  -1]],
       dtype=torch.int32)
tensor([23, 22, 27, 33, 23, 25, 33, 31, 17, 35, 27, 25, 20, 20, 23, 30, 28, 30,
        25, 30, 32, 27, 30, 23, 22, 46, 16, 23, 37, 31, 27, 29, 19, 37, 35, 27,
        19, 37, 23, 28, 23, 19, 26, 28, 27, 17, 31, 30, 16, 21, 36, 34, 30, 23,
        19, 28], dtype=torch.int32)
get 46 important tokens
tensor([[ 69,  81, 113,  93,  19, 133,   5, 135,  18, 101,  20,  15,  24,   3,
          21,  68,  92, 141,  96,   1, 114, 110,   8,  -1,  -1,  -1,  -1,  -1,
          -1,  -1,  -1,  -1,  -1,  -1,  -1,  -1,  -1,  -1,  -1,  -1,  -1,  -1,
          -1,  -1,  -1,  -1],
        [118, 117,  68,   0, 116,  24, 125,   1,  92, 141, 123, 131,  69, 112,
         130,  70,  42,  49,   6,  73,  18,  28,  -1,  -1,  -1,  -1,  -1,  -1,
          -1,  -1,  -1,  -1,  -1,  -1,  -1,  -1,  -1,  -1,  -1,  -1,  -1,  -1,
          -1,  -1,  -1,  -1],
        [  4,   0,   1,  96, 109,  97,  61,  92,  18,  52,  83,   5, 107, 101,
         121,  51,  49,  74, 119, 139, 113,   8,  53, 141, 137,  68,  19,  -1,
          -1,  -1,  -1,  -1,  -1,  -1,  -1,  -1,  -1,  -1,  -1,  -1,  -1,  -1,
          -1,  -1,  -1,  -1]], dtype=torch.int32)
tensor([33, 26, 26, 34, 24, 37, 28, 19, 21, 48, 20, 31, 22, 22, 28, 22, 32, 25,
        29, 36, 46, 25, 35, 18, 27, 19, 35, 25, 33, 26, 22, 23, 33, 15, 19, 17,
        31, 29, 20, 24, 31, 20, 35, 23, 16, 25, 27, 24, 20, 31, 25, 24, 18, 30,
        18, 17], dtype=torch.int32)
get 48 important tokens
tensor([[ 69,  89, 117,  92, 107, 141,   0,   1,  18, 116, 101, 119, 131, 108,
           4,  68,   7,  97, 115, 140, 130,  93,  85, 125,  14,  94,  98,  88,
         137,  70, 122, 118, 113,  -1,  -1,  -1,  -1,  -1,  -1,  -1,  -1,  -1,
          -1,  -1,  -1,  -1,  -1,  -1],
        [141, 116, 137,  96,  18,  78,  92,  70,  68, 136, 107, 111, 101, 113,
           0,   1, 132, 135,  46,  81, 125, 134, 133,  69,  64,  89,  -1,  -1,
          -1,  -1,  -1,  -1,  -1,  -1,  -1,  -1,  -1,  -1,  -1,  -1,  -1,  -1,
          -1,  -1,  -1,  -1,  -1,  -1],
        [141, 113, 116,  96, 131,  21, 125, 117, 110,  93, 108,   0,   1,  69,
         132,  71, 133, 109, 130, 124,   8,  92,  49, 138,   5,  61,  -1,  -1,
          -1,  -1,  -1,  -1,  -1,  -1,  -1,  -1,  -1,  -1,  -1,  -1,  -1,  -1,
          -1,  -1,  -1,  -1,  -1,  -1]], dtype=torch.int32)
tensor([21, 22, 24, 21, 23, 20, 34, 19, 24, 34, 25, 23, 32, 24, 28, 24, 32, 28,
        23, 27, 21, 42, 30, 22, 23, 21, 32, 22, 38, 33, 30, 27, 19, 23, 22, 22,
        27, 26, 43, 21, 20, 25, 22, 21, 23, 25, 20, 21, 21, 24, 23, 25, 24, 24,
        18, 24], dtype=torch.int32)
get 43 important tokens
tensor([[ 11, 117, 133,  92,   5,  68, 116, 141, 139, 109,  89,  98, 107,  76,
          67,   1,  73, 110, 131, 137,  15,  -1,  -1,  -1,  -1,  -1,  -1,  -1,
          -1,  -1,  -1,  -1,  -1,  -1,  -1,  -1,  -1,  -1,  -1,  -1,  -1,  -1,
          -1],
        [ 95, 116, 109, 112, 141,  96,   4, 121, 113,   0, 138,  97, 140, 114,
         117,  93,  69,   1,  71, 101, 125,  92,  -1,  -1,  -1,  -1,  -1,  -1,
          -1,  -1,  -1,  -1,  -1,  -1,  -1,  -1,  -1,  -1,  -1,  -1,  -1,  -1,
          -1],
        [ 92,  19,  69, 141, 117,   4,  97,   1,   0,  18,  68, 108, 118, 116,
          46,  49,  50,  59,  40, 110,   5,  73,  45,  25,  -1,  -1,  -1,  -1,
          -1,  -1,  -1,  -1,  -1,  -1,  -1,  -1,  -1,  -1,  -1,  -1,  -1,  -1,
          -1]], dtype=torch.int32)
tensor([26, 19, 21, 26, 19, 24, 23, 23, 25, 27, 24, 34, 22, 13, 24, 50, 44, 25,
        17, 21, 16, 23, 20, 19, 19, 27, 21, 24, 23, 24, 23, 29, 23, 19, 25, 21,
        18, 33, 22, 36, 23, 29, 25, 18, 30, 25, 33, 21, 28, 21, 15, 18, 33, 26,
        19, 19], dtype=torch.int32)
get 50 important tokens
tensor([[ 92,  69,   1,  68,  96,  51, 116, 100, 110,  71,  18,   0,  15, 121,
          72, 141, 113,  70, 101,  60,   6,  88,  74,  55,  19,  93,  -1,  -1,
          -1,  -1,  -1,  -1,  -1,  -1,  -1,  -1,  -1,  -1,  -1,  -1,  -1,  -1,
          -1,  -1,  -1,  -1,  -1,  -1,  -1,  -1],
        [ 93,   4,  69, 141,   0, 137,  11,   1,   3,  95,  72,  51, 116,  70,
         108, 131,   7,  68,  92,  -1,  -1,  -1,  -1,  -1,  -1,  -1,  -1,  -1,
          -1,  -1,  -1,  -1,  -1,  -1,  -1,  -1,  -1,  -1,  -1,  -1,  -1,  -1,
          -1,  -1,  -1,  -1,  -1,  -1,  -1,  -1],
        [141,  68,  96,  92, 139,  69, 116,  77,   1,  18, 102,  47, 110, 119,
          24, 120,   0,  93, 135,  98, 115,  -1,  -1,  -1,  -1,  -1,  -1,  -1,
          -1,  -1,  -1,  -1,  -1,  -1,  -1,  -1,  -1,  -1,  -1,  -1,  -1,  -1,
          -1,  -1,  -1,  -1,  -1,  -1,  -1,  -1]], dtype=torch.int32)
tensor([21, 14, 20, 12, 25, 25, 23, 17, 25, 22, 30, 23, 28, 14, 30, 22, 27, 21,
        22, 24, 21, 25, 20, 23, 23, 20, 22, 14, 21, 21, 29, 14, 22, 30, 26, 17,
        25, 21, 26, 21, 22, 23, 19, 22, 20, 19, 19, 22, 14, 25, 26, 24, 27, 17,
        16, 21], dtype=torch.int32)
get 30 important tokens
tensor([[108,  77,  74,  96,  64,  50,  69,  93,  94,  99, 125,  19, 141,  76,
          20,  61,   0,   1, 118,  21,  49,  -1,  -1,  -1,  -1,  -1,  -1,  -1,
          -1,  -1],
        [  1,   0, 108,   4, 141, 118,   8,  13, 137, 107,  68,  93, 116,  92,
          -1,  -1,  -1,  -1,  -1,  -1,  -1,  -1,  -1,  -1,  -1,  -1,  -1,  -1,
          -1,  -1],
        [ 96,   0,   1, 108, 141, 117, 110,  98,   9,   3,  92, 109,  18, 116,
          93,  69,  19, 134, 118, 131,  -1,  -1,  -1,  -1,  -1,  -1,  -1,  -1,
          -1,  -1]], dtype=torch.int32)
tensor([36, 22, 15, 30, 23, 28, 18, 11, 27, 28, 19, 16, 15, 21, 20, 20, 17, 20,
        23, 26, 19, 16, 19, 15, 27, 24, 17, 12, 25, 18, 13, 28, 20, 17, 13, 22,
        19, 22, 12, 22, 25, 19, 16, 30, 29, 16, 20, 22, 36, 17, 18, 28, 16, 20,
        31, 13], dtype=torch.int32)
get 36 important tokens
tensor([[ 91, 111,  68,  92, 141, 115,   1,  50,  18,   0, 102, 108,  21,  80,
          60,  76,  99, 114,  11, 134,  65,  54,  82,  45,  47, 129,   4,  75,
         113, 131, 106,  74,  53,  98, 135,  14],
        [ 69,  46, 100,  66,  93,  18,  19,  40,   0,   1,   3,  25,  44, 127,
          21,  73,  27,  23,  91,  48,  95,  68,  -1,  -1,  -1,  -1,  -1,  -1,
          -1,  -1,  -1,  -1,  -1,  -1,  -1,  -1],
        [ 88,  92,   0,   3, 141,   1,  51,   2,  73, 116,  68, 109,  47,  87,
          49,  -1,  -1,  -1,  -1,  -1,  -1,  -1,  -1,  -1,  -1,  -1,  -1,  -1,
          -1,  -1,  -1,  -1,  -1,  -1,  -1,  -1]], dtype=torch.int32)
tensor([18, 22, 24, 24, 18, 24, 23, 17, 18, 27, 28, 13, 24,  9, 19, 19, 18, 17,
        22, 23, 24, 16, 21, 12, 12, 22, 21, 18, 20, 21, 14, 26, 22, 26, 17, 16,
        23, 17, 26, 16, 24, 23, 19, 23, 16, 21, 13, 24, 19, 21, 20, 23, 13, 34,
         9, 18], dtype=torch.int32)
get 34 important tokens
tensor([[  5,  88,  84, 100,   4, 141,  92, 128,  69,   0,   1, 130,  18, 112,
         104,  74,  68,  85,  -1,  -1,  -1,  -1,  -1,  -1,  -1,  -1,  -1,  -1,
          -1,  -1,  -1,  -1,  -1,  -1],
        [  1, 141, 138,  70,  98, 102,   0, 108,   9,  93,  92,   2,  13,  11,
         116,  96,  69,  68,  18,   3, 105,  19,  -1,  -1,  -1,  -1,  -1,  -1,
          -1,  -1,  -1,  -1,  -1,  -1],
        [  1, 131,  69,   0,  58, 116,   5, 109, 107, 129,  92,   8,  93, 117,
          95,  72, 102,  23, 106, 141, 119,  48, 127,  96,  -1,  -1,  -1,  -1,
          -1,  -1,  -1,  -1,  -1,  -1]], dtype=torch.int32)
tensor([15, 16, 33, 20, 18, 15, 23, 27, 18, 14, 22, 16, 24, 32, 14, 20, 15, 17,
        27, 16, 27, 14, 15, 10, 23, 20, 26, 19, 24, 17, 28, 20, 38, 15, 25, 21,
        19, 21, 25, 17, 10, 21, 17, 16, 23, 16, 16, 18, 16, 26, 13, 25, 20, 12,
        19, 22], dtype=torch.int32)
get 38 important tokens
tensor([[ 67, 141, 102, 114,  65,  50,   8,  69,  93, 123, 136,   1,  53,   0,
          24,  -1,  -1,  -1,  -1,  -1,  -1,  -1,  -1,  -1,  -1,  -1,  -1,  -1,
          -1,  -1,  -1,  -1,  -1,  -1,  -1,  -1,  -1,  -1],
        [  0,   1,  92,  96,  69, 112, 141,  49, 101, 107, 103,   4, 100,  70,
          99,   6,  -1,  -1,  -1,  -1,  -1,  -1,  -1,  -1,  -1,  -1,  -1,  -1,
          -1,  -1,  -1,  -1,  -1,  -1,  -1,  -1,  -1,  -1],
        [115,  73, 114, 132, 111, 120, 136,   5,  93, 125, 113, 133, 134, 135,
         124,   0, 109, 141, 121, 122, 119,   1, 138,  99, 110,  96, 137, 131,
          66, 100, 123, 118,  97,  -1,  -1,  -1,  -1,  -1]], dtype=torch.int32)
tensor([18, 22, 23, 16, 19, 17,  9, 29, 29, 21, 22, 17, 17, 15, 28, 20, 24, 14,
        17, 15, 20, 17, 14, 14, 18, 23, 23, 17, 14, 20, 23, 16, 20, 22, 14, 22,
        14, 22, 10,  9, 20, 16, 13, 19, 22, 34, 18, 18, 20, 19, 21, 19, 16, 22,
        20, 22], dtype=torch.int32)
get 34 important tokens
tensor([[116,  92,   0,   1,  15, 141,  14, 101,  93,  69,  96,  97,  87,  68,
         102,  19, 128, 130,  -1,  -1,  -1,  -1,  -1,  -1,  -1,  -1,  -1,  -1,
          -1,  -1,  -1,  -1,  -1,  -1],
        [141,   0, 106,  19,  33, 114,   1, 102,  68,  24,  69, 105,  34,  17,
          18,  96, 103, 126, 117,  58, 120, 119,  -1,  -1,  -1,  -1,  -1,  -1,
          -1,  -1,  -1,  -1,  -1,  -1],
        [  1,   0, 141, 138, 121,  68,  69, 103, 136,  99,  93, 107,  97, 113,
          92, 101, 102,  96,  18, 131, 116, 132,  87,  -1,  -1,  -1,  -1,  -1,
          -1,  -1,  -1,  -1,  -1,  -1]], dtype=torch.int32)
tensor([16, 14, 19, 19, 26, 15, 26, 14, 11, 20, 14, 24, 27, 22, 17, 15, 20, 18,
        18, 17, 14, 19, 18, 17, 17, 16, 23, 16, 16, 24, 20, 18, 18, 20, 18, 16,
        14, 20, 11, 12, 25, 24,  7, 11, 20, 21, 20, 14, 22, 16, 26, 21, 24, 19,
        18, 16], dtype=torch.int32)
get 27 important tokens
tensor([[ 92,  83, 110,  12,   0,   1,  68,  96, 141, 107,  38,  60,  18, 103,
          95,   8,  -1,  -1,  -1,  -1,  -1,  -1,  -1,  -1,  -1,  -1,  -1],
        [  0,   1,   6,  70, 103,   9, 123,  14,  17,  54,  95, 109, 125,  34,
          -1,  -1,  -1,  -1,  -1,  -1,  -1,  -1,  -1,  -1,  -1,  -1,  -1],
        [  0,   1,  33,  95,  96,  22,  61,  97,  45,  93, 126,  73,  49,  59,
          48,  40,  51,  31,  68,  -1,  -1,  -1,  -1,  -1,  -1,  -1,  -1]],
       dtype=torch.int32)
tensor([12, 17, 13, 19,  9, 15, 21, 12,  8, 23, 15, 28, 13, 19, 12, 19, 18, 22,
        18, 23, 16, 12, 13, 16, 22, 22, 14, 26, 21, 16, 19, 15, 13, 28, 21, 20,
        18, 15, 17, 19, 26, 21, 16, 23, 21, 16, 19, 17, 22, 19, 15, 13, 15, 19,
        22, 18], dtype=torch.int32)
get 28 important tokens
tensor([[  0,   1,  69, 102, 107,  71,  15, 125,  22, 141,   7,  85,  -1,  -1,
          -1,  -1,  -1,  -1,  -1,  -1,  -1,  -1,  -1,  -1,  -1,  -1,  -1,  -1],
        [  1,   0,  32,   5,   3,  17, 117,  16,  59, 140,  64, 141, 100,  19,
         118,  49,  96,  -1,  -1,  -1,  -1,  -1,  -1,  -1,  -1,  -1,  -1,  -1],
        [ 11, 108, 104,  17,  99,  70, 135, 102, 128, 117,   0,  65,   1,  -1,
          -1,  -1,  -1,  -1,  -1,  -1,  -1,  -1,  -1,  -1,  -1,  -1,  -1,  -1]],
       dtype=torch.int32)
tensor([24, 16, 18, 21, 30, 12, 16, 17, 20, 22, 21, 13, 17,  9, 20, 23, 16, 19,
        16, 18, 21, 15, 24, 15, 21, 24, 23, 16, 26, 24, 19, 17, 13, 23, 12, 21,
        19, 12, 13, 16, 21, 22, 18, 24, 20, 21, 23, 13, 12, 16, 16, 22, 20, 20,
        12, 18], dtype=torch.int32)
get 30 important tokens
tensor([[  0, 117,  19,  89, 127, 134,  94,  86,  72, 123,  70,   4,  11,  67,
          13, 111, 112, 120, 139,  63, 140,  68, 122,   1,  -1,  -1,  -1,  -1,
          -1,  -1],
        [132, 119,  84,   0,   1,  78, 127,  75, 114, 123,  52, 106, 134,  61,
          54,  88,  -1,  -1,  -1,  -1,  -1,  -1,  -1,  -1,  -1,  -1,  -1,  -1,
          -1,  -1],
        [  1, 108,  35,  68,  90,  18, 107,  78,  67,  46, 125,  50,   0,  33,
          10,  93,  88, 106,  -1,  -1,  -1,  -1,  -1,  -1,  -1,  -1,  -1,  -1,
          -1,  -1]], dtype=torch.int32)
tensor([13, 17,  2, 18, 21, 14, 12, 23, 16, 23, 19, 13, 18, 17, 16, 14, 17, 18,
        17, 24, 21, 23, 14, 24, 17, 15, 22, 11, 20, 12, 20, 15, 26, 17, 13, 19,
        16, 22, 19, 20, 12, 11, 13, 27, 17, 29, 20, 13, 14, 20, 17, 19, 16, 13,
        22,  7], dtype=torch.int32)
get 29 important tokens
tensor([[  0,   1,  66, 114,  46,  99,  68,  96,  21,  82, 136,  27,   4,  -1,
          -1,  -1,  -1,  -1,  -1,  -1,  -1,  -1,  -1,  -1,  -1,  -1,  -1,  -1,
          -1],
        [ 74,  95,  93,   1,  68,  94,   0,  30,  70,   6,   9, 123,  72,  66,
          48,  34, 129,  -1,  -1,  -1,  -1,  -1,  -1,  -1,  -1,  -1,  -1,  -1,
          -1],
        [141, 106,  -1,  -1,  -1,  -1,  -1,  -1,  -1,  -1,  -1,  -1,  -1,  -1,
          -1,  -1,  -1,  -1,  -1,  -1,  -1,  -1,  -1,  -1,  -1,  -1,  -1,  -1,
          -1]], dtype=torch.int32)
tensor([15, 14, 13, 16, 21, 15, 19, 12, 12, 19, 21, 20, 14, 13, 14, 26, 17, 27,
        19, 25, 17, 23, 21, 18, 24, 21, 15, 16, 15, 18, 27, 23, 13, 15, 15, 23,
        27, 20, 11, 14, 14, 20, 14, 18, 10, 19, 11, 18, 19, 16, 21, 13, 20, 13,
        14, 20], dtype=torch.int32)
get 27 important tokens
tensor([[ 33,  46,  66,  30,  17,  92,  34,  48,  19,   0, 134, 128,  84, 138,
          58,  -1,  -1,  -1,  -1,  -1,  -1,  -1,  -1,  -1,  -1,  -1,  -1],
        [128, 115,  60,  11,   1,  97, 112, 125,  19,   4,   0,  47,   3,  72,
          -1,  -1,  -1,  -1,  -1,  -1,  -1,  -1,  -1,  -1,  -1,  -1,  -1],
        [  0,   1, 128,  69,  93,  57, 103,  97,  98,  38, 125, 109, 110,  -1,
          -1,  -1,  -1,  -1,  -1,  -1,  -1,  -1,  -1,  -1,  -1,  -1,  -1]],
       dtype=torch.int32)
tensor([23, 11, 23, 23, 24, 20, 14, 12,  9, 10, 23, 15,  8, 26, 12, 20, 16, 17,
         8, 14, 30, 15, 11, 17, 22, 17, 18, 15, 20, 15, 19, 11, 17, 17, 13, 16,
        27, 17, 24, 21, 17, 19, 17, 21, 19, 18, 14, 24, 20, 13, 25, 10, 19, 16,
        21, 19], dtype=torch.int32)
get 30 important tokens
tensor([[ 26,  17,   0,  14,   2,   3,  93,  84,   7,  49,  11,  95,  18,   9,
          52, 124, 136,  68,  69, 117,  19,  57,   1,  -1,  -1,  -1,  -1,  -1,
          -1,  -1],
        [113,  54,   0,   1, 116,  92, 104, 131,   3, 118,  16,  -1,  -1,  -1,
          -1,  -1,  -1,  -1,  -1,  -1,  -1,  -1,  -1,  -1,  -1,  -1,  -1,  -1,
          -1,  -1],
        [121, 125,   0,   1,  53, 124, 139,  11,  22,  68,  91,  83, 141, 123,
          72,  78,  45,  38, 106, 104,  55, 136,  81,  -1,  -1,  -1,  -1,  -1,
          -1,  -1]], dtype=torch.int32)
tensor([ 6, 11, 26, 12, 19, 11, 13, 13, 20, 19, 21, 15, 10, 13, 23, 20, 16, 17,
        14, 13, 19, 22, 23, 14, 17, 17, 16, 14, 10, 19, 17, 22, 11, 21, 15, 15,
        15, 15, 20, 18, 25,  8, 18, 25, 12, 17, 14, 16, 13, 18, 11, 14, 21, 31,
        16, 16], dtype=torch.int32)
get 31 important tokens
tensor([[ 84,  51,  73,  95,  90,  48,  -1,  -1,  -1,  -1,  -1,  -1,  -1,  -1,
          -1,  -1,  -1,  -1,  -1,  -1,  -1,  -1,  -1,  -1,  -1,  -1,  -1,  -1,
          -1,  -1,  -1],
        [  0,   1, 114,  22, 103, 120,  11, 116,  70,   3,  34,  -1,  -1,  -1,
          -1,  -1,  -1,  -1,  -1,  -1,  -1,  -1,  -1,  -1,  -1,  -1,  -1,  -1,
          -1,  -1,  -1],
        [ 19,  80,   2,   4,  86,   6,  69,  95,   3,  18,   1,   9,  66,  14,
         106,   8,   0, 120,  63,  62, 117,  10,  49,  77,  91,  48,  -1,  -1,
          -1,  -1,  -1]], dtype=torch.int32)
tensor([12, 15,  9, 21, 14, 12, 17, 23, 15,  9, 16, 10,  5, 17, 16, 19, 15, 17,
        12, 16, 12, 20, 15, 19, 23, 20, 18, 17, 11, 15, 14, 17, 17, 16, 14, 19,
         9, 10, 13, 15, 14, 13, 13, 16, 23, 15, 21, 18, 15, 12, 18,  9, 15, 11,
        17, 15], dtype=torch.int32)
get 23 important tokens
tensor([[  0,   1, 108, 110,  55,   5,  22,  67,  18,  68,  86,  17,  -1,  -1,
          -1,  -1,  -1,  -1,  -1,  -1,  -1,  -1,  -1],
        [120,  50,  75,   0,   1,  54, 100,  55, 141,  96,  41,  97,  19,   4,
          10,  -1,  -1,  -1,  -1,  -1,  -1,  -1,  -1],
        [  3,   0,   1, 120,  46,  82,  33,   4,  77,  -1,  -1,  -1,  -1,  -1,
          -1,  -1,  -1,  -1,  -1,  -1,  -1,  -1,  -1]], dtype=torch.int32)
tensor([11, 13, 26, 14, 14, 12, 19, 15, 22, 21, 27, 23, 10, 17, 13, 10, 14, 21,
        23, 21, 15,  4, 19, 15, 16, 15, 11, 14, 14, 17, 18, 16, 15, 15, 10, 13,
        19, 19, 20, 12, 13, 20, 15, 21, 16, 19, 15, 23, 20, 21, 13, 14, 11, 16,
        17, 20], dtype=torch.int32)
get 27 important tokens
tensor([[  0,   1,  18,   6, 141,  14,  29,  23,  65,  66,  26,  -1,  -1,  -1,
          -1,  -1,  -1,  -1,  -1,  -1,  -1,  -1,  -1,  -1,  -1,  -1,  -1],
        [ 83, 138,   1,   0,  69,   4,  73,  19,  10,  11,  26,  23,  92,  -1,
          -1,  -1,  -1,  -1,  -1,  -1,  -1,  -1,  -1,  -1,  -1,  -1,  -1],
        [ 18,   0,  68,  92,  95,   4,  13,   1,  52,  69,   5,  48,   3,  84,
         107,  93,  15,  22,  96, 102,  59,  49,  34,  66,  20,  46,  -1]],
       dtype=torch.int32)
tensor([16, 21,  7, 20, 13, 11, 27, 14, 15, 13,  9, 10, 11, 17, 17, 16, 13, 11,
        21, 13, 11,  6, 12, 19, 11, 11, 19, 20, 15, 19, 18, 18, 16, 10, 17, 12,
        12, 14, 12, 16, 15, 13, 19, 15, 12, 19, 18, 12, 11, 11, 11, 16, 15, 12,
        19, 14], dtype=torch.int32)
get 27 important tokens
tensor([[ 60,   0,  74,  89, 128, 131,   1,  88, 103, 110,  21,  59,   9, 141,
          34,  27,  -1,  -1,  -1,  -1,  -1,  -1,  -1,  -1,  -1,  -1,  -1],
        [131,   0,  62, 139,  68,   4,  19,  27, 105,  11,   1, 141,  43, 140,
          70,  77,   8,   3, 120,  18,  97,  -1,  -1,  -1,  -1,  -1,  -1],
        [  0,  90,  33,  28,   1,  11,  60,  -1,  -1,  -1,  -1,  -1,  -1,  -1,
          -1,  -1,  -1,  -1,  -1,  -1,  -1,  -1,  -1,  -1,  -1,  -1,  -1]],
       dtype=torch.int32)
tensor([12,  5, 15, 13, 14, 13, 18,  8, 16, 10,  9, 12, 17, 13, 10, 18, 15, 15,
        10,  8, 14, 18, 10, 21, 21, 21, 18, 13, 12, 14, 22, 17, 15, 19, 31, 22,
        22, 16, 18, 10, 17, 19, 22, 24, 14,  9, 13, 11, 11, 18, 13, 17, 11, 22,
        17, 11], dtype=torch.int32)
get 31 important tokens
tensor([[ 18, 129,   1,   0,  92, 141,   2,  90,  72,  23, 119,  86,  -1,  -1,
          -1,  -1,  -1,  -1,  -1,  -1,  -1,  -1,  -1,  -1,  -1,  -1,  -1,  -1,
          -1,  -1,  -1],
        [ 71,   3,  69,  44,  33,  -1,  -1,  -1,  -1,  -1,  -1,  -1,  -1,  -1,
          -1,  -1,  -1,  -1,  -1,  -1,  -1,  -1,  -1,  -1,  -1,  -1,  -1,  -1,
          -1,  -1,  -1],
        [  0,  68,  58,   3,  75,  84,   1,  38, 132, 117,  28,  62,  87,  27,
          93,  -1,  -1,  -1,  -1,  -1,  -1,  -1,  -1,  -1,  -1,  -1,  -1,  -1,
          -1,  -1,  -1]], dtype=torch.int32)
tensor([ 8, 27, 12, 14, 19, 16, 13, 17, 16, 10, 22, 13, 14, 15, 18, 11, 16, 24,
        21, 14, 14,  8, 12, 14, 11, 17, 16, 18, 19, 22, 15, 17, 18, 14,  8, 14,
        14, 12, 18, 13, 16, 19, 15, 16, 11, 19, 19, 17, 19, 11,  9, 26, 22, 13,
        13, 15], dtype=torch.int32)
get 27 important tokens
tensor([[  0,  38,  47,   1,  85,  75,  83,  67,  -1,  -1,  -1,  -1,  -1,  -1,
          -1,  -1,  -1,  -1,  -1,  -1,  -1,  -1,  -1,  -1,  -1,  -1,  -1],
        [  3,   1,  46,  73,  98,   4,  20,  58,  22,  71,  47,  72, 129,  52,
           0,  44,  69,  17,  49,  33,   2,  99,   7,  53,  66,  61, 126],
        [  2,   0,   1,  23,  44,  58,   4,  40,  59,  93,  34, 139,  -1,  -1,
          -1,  -1,  -1,  -1,  -1,  -1,  -1,  -1,  -1,  -1,  -1,  -1,  -1]],
       dtype=torch.int32)
tensor([16, 21, 26, 15, 14, 13, 16, 19, 11, 25, 21, 12, 20, 17, 16, 10, 18, 16,
        11, 11, 10, 21,  9, 16, 14, 13, 15, 15, 21, 10, 23, 14,  8, 11, 19, 15,
        18, 21, 18, 13, 14,  9, 18, 13, 17,  8, 15, 14, 14, 20, 11, 15, 14, 18,
        15, 19], dtype=torch.int32)
get 26 important tokens
tensor([[ 23,   1,  67,  57,  30, 104, 123,   0,  31,   5,  68,  92,  16,  18,
          43,  39,  -1,  -1,  -1,  -1,  -1,  -1,  -1,  -1,  -1,  -1],
        [ 46,   0,  96,  92,  17,  38, 117, 108,   4,  62,   1, 115,  18,  68,
          69,  48,   3,  15,   2, 131, 130,  -1,  -1,  -1,  -1,  -1],
        [  0,  60, 115, 106, 133,  52,  75,  19,  59,  96,  48,  18,  68,  97,
          22,   3,  16,  58,   1, 121,   4,  49, 131, 112,  51, 109]],
       dtype=torch.int32)
tensor([11, 11, 13, 16,  9, 13, 19, 11, 12, 21, 15, 15, 13, 10, 18, 13, 10, 13,
        14, 14, 12, 17, 12, 13, 13, 13, 12, 15, 11, 21, 15, 17, 13, 18, 14, 13,
        17, 13, 15, 12, 14, 11, 19, 12, 13, 16, 15, 14, 16, 13,  7, 16, 12, 14,
        13,  8], dtype=torch.int32)
get 21 important tokens
tensor([[136,   0,   1,   2,  66,  90,  33,  25,  68,  36, 104,  -1,  -1,  -1,
          -1,  -1,  -1,  -1,  -1,  -1,  -1],
        [120, 123,  63,  70, 111,  25,  51,  92,   1,   0,   4,  -1,  -1,  -1,
          -1,  -1,  -1,  -1,  -1,  -1,  -1],
        [  0,  96,   1, 103, 102,  61,  44,  15,  16,  83, 100,  25,  38,  -1,
          -1,  -1,  -1,  -1,  -1,  -1,  -1]], dtype=torch.int32)
tensor([11, 13, 11, 11, 25, 15, 11, 14, 11, 16, 10, 19, 23, 12, 10,  9, 20, 17,
        12, 20, 12,  5, 12, 11, 13, 21, 18, 14, 13, 19, 23, 13, 14, 15,  9, 11,
        14, 15, 15,  8, 15, 16, 13,  9, 10, 19,  8, 18, 14, 13, 10, 14,  7, 17,
        11, 14], dtype=torch.int32)
get 25 important tokens
tensor([[ 33,  55,   0,  72,   1, 100,  11,   4,  47,   3,  53,  -1,  -1,  -1,
          -1,  -1,  -1,  -1,  -1,  -1,  -1,  -1,  -1,  -1,  -1],
        [  0,  69,  86,   4, 110, 103,  94, 106,  82,   1,   3,   6,  40,  -1,
          -1,  -1,  -1,  -1,  -1,  -1,  -1,  -1,  -1,  -1,  -1],
        [138,   2,   1,  38,  12,  90,  18, 141,  36,  92,  61,  -1,  -1,  -1,
          -1,  -1,  -1,  -1,  -1,  -1,  -1,  -1,  -1,  -1,  -1]],
       dtype=torch.int32)
tensor([13, 18,  5, 19, 11, 20, 16, 11, 15,  9, 14, 24, 21, 15, 11,  7,  6, 31,
        10, 16, 17, 10, 21, 16, 27, 10, 24, 14, 27, 33, 10,  8, 22,  9, 17, 18,
        17, 14, 13, 21, 14, 17, 15, 23, 11, 11, 15, 20, 14, 16,  9, 14, 10, 19,
        17, 11], dtype=torch.int32)
get 33 important tokens
tensor([[  0,  27,   4,  61,  88,  12,  82,   1,  19,  97,  53,  15, 138,  -1,
          -1,  -1,  -1,  -1,  -1,  -1,  -1,  -1,  -1,  -1,  -1,  -1,  -1,  -1,
          -1,  -1,  -1,  -1,  -1],
        [  0,   9,  53,  18, 133, 109,   3,  72,   7, 105,  58,  47,  96,  23,
         100,  45,  17,  34,  -1,  -1,  -1,  -1,  -1,  -1,  -1,  -1,  -1,  -1,
          -1,  -1,  -1,  -1,  -1],
        [ 57,   0,   4,  44,   5,  -1,  -1,  -1,  -1,  -1,  -1,  -1,  -1,  -1,
          -1,  -1,  -1,  -1,  -1,  -1,  -1,  -1,  -1,  -1,  -1,  -1,  -1,  -1,
          -1,  -1,  -1,  -1,  -1]], dtype=torch.int32)
model size: 55.803 GB	cache size: 0.669 GB	hidden size (p): 0.007 GB
peak gpu mem: 57.376 GB	prefill latency: 4.642 s	prefill throughput: 110.297 token/s
decode latency: 1.187 s	decode throughput: 7.581 token/s
total latency: 5.829 s	total throughput: 1.715 token/s
Outputs:
----------------------------------------------------------------------
0: Guangzhou is the capital and largest city of Guangdong province in southern China.Located on the Pearl River about 120 km (75 mi) northwest of Hong Kong and 145 km (90 mi) north of Macau, Guangzhou has a history of over 2,200 years and was a major terminus of the Silk Road.The port of Guangzhou serves as a transportation hub for China's fourth largest city and surrounding areas, including Hong Kong.Guangzhou was captured by the British during the First Opium War and no longer enjoyed a monopoly after the war; consequently it lost trade to other ports such as Hong Kong and Shanghai, but continued to serve as a major entrepot.Guangzhou is the capital of
 the
 Guang the,
The


----------------------------------------------------------------------

Successfully write to storage, 1
Successfully write to storage, 1
Successfully write to storage, 1
Successfully write to storage, 1
Successfully write to storage, 1
Successfully write to storage, 1
Successfully write to storage, 1
Successfully write to storage, 1
Successfully write to storage, 1
Successfully write to storage, 1
Successfully write to storage, 1
Successfully write to storage, 1
Successfully write to storage, 1
Successfully write to storage, 1
Successfully write to storage, 1
Successfully write to storage, 1
Successfully write to storage, 1
Successfully write to storage, 1
Successfully write to storage, 1
Successfully write to storage, 1
Successfully write to storage, 1
Successfully write to storage, 1
Successfully write to storage, 1
Successfully write to storage, 1
Successfully write to storage, 1
Successfully write to storage, 1
Successfully write to storage, 1
Successfully write to storage, 1
Successfully write to storage, 1
Successfully write to storage, 1
Successfully write to storage, 1
Successfully write to storage, 1
Successfully write to storage, 1
Successfully write to storage, 1
Successfully write to storage, 1
Successfully write to storage, 1
Successfully write to storage, 1
Successfully write to storage, 1
Successfully write to storage, 1
Successfully write to storage, 1
Successfully write to storage, 1
Successfully write to storage, 1
Successfully write to storage, 1
Successfully write to storage, 1
Successfully write to storage, 1
Successfully write to storage, 1
Successfully write to storage, 1
Successfully write to storage, 1
Successfully write to storage, 1
Successfully write to storage, 1
==================================================
second query - generate
tensor([22, 11, 23, 12, 13, 21, 19, 30, 27, 53, 26, 21, 13, 17, 22, 29, 20, 25,
        17, 14, 20, 22, 14, 19, 15, 21, 20, 16,  9, 12, 11, 13, 22, 25, 19, 23,
        25, 15, 14, 20, 51, 27, 18, 15, 17, 14, 21, 22, 21, 13, 24, 16, 17, 13,
        12, 12], dtype=torch.int32)
get 53 important tokens
[Analysis Result]
Total Segments: 2
Total Continuous Length (sum of merged segments): 36864 bytes
Max Continuous Length: 35840 bytes
Max Gap between Segments: 16384 bytes
tensor([[  6,  61,  15,  33, 134,  38,  53, 129,  51,  92,  41, 123, 101,  87,
          36,  43,   1,  18,   2,  90,  44,  30,  -1,  -1,  -1,  -1,  -1,  -1,
          -1,  -1,  -1,  -1,  -1,  -1,  -1,  -1,  -1,  -1,  -1,  -1,  -1,  -1,
          -1,  -1,  -1,  -1,  -1,  -1,  -1,  -1,  -1,  -1,  -1],
        [ 17,  65, 116,  86, 134,  85,   2,  50, 107,  56,  90,  -1,  -1,  -1,
          -1,  -1,  -1,  -1,  -1,  -1,  -1,  -1,  -1,  -1,  -1,  -1,  -1,  -1,
          -1,  -1,  -1,  -1,  -1,  -1,  -1,  -1,  -1,  -1,  -1,  -1,  -1,  -1,
          -1,  -1,  -1,  -1,  -1,  -1,  -1,  -1,  -1,  -1,  -1],
        [ 96,  63,  79,  97,  30,  35,  32,  88,  59,  18,  10,   5, 122,   4,
          83,  81,  64,  11,   7, 131, 141, 128,  92,  -1,  -1,  -1,  -1,  -1,
          -1,  -1,  -1,  -1,  -1,  -1,  -1,  -1,  -1,  -1,  -1,  -1,  -1,  -1,
          -1,  -1,  -1,  -1,  -1,  -1,  -1,  -1,  -1,  -1,  -1]],
       dtype=torch.int32)
tensor([ 72,  77,  72,  76,  76,  77,  77,  71,  70,  76,  76,  53,  76,  74,
         72,  72,  81,  74,  74,  73,  89,  73, 100,  74,  73,  75,  73,  75,
         72,  75,  79,  74,  81,  71,  68,  64,  71,  71,  75,  71,  90,  53,
         77,  73,  68,  76,  50,  75,  68,  73,  74,  74,  76,  62,  73,  53],
       dtype=torch.int32)
get 100 important tokens
tensor([[ 79, 101, 108, 122,  71, 121,  57,  98, 125, 131, 133, 128,  96, 113,
         119, 103, 124, 135,  43,  49,  51,  59,  64,  81,  85, 100, 107, 118,
          52,  58,  89,  54,  24,  32,   5,  53,  88, 102, 111, 116, 130, 136,
           7,  20,  35,  83,  80,  38,  41,  87,  76,  10,  12,  15,  27,   0,
          18,  21,  30,  46,  50,  55,  56,  60,  65,  68,  69,  92,  99, 114,
         141,   1,  -1,  -1,  -1,  -1,  -1,  -1,  -1,  -1,  -1,  -1,  -1,  -1,
          -1,  -1,  -1,  -1,  -1,  -1,  -1,  -1,  -1,  -1,  -1,  -1,  -1,  -1,
          -1,  -1],
        [ 54,  32,  35,  38,  43,  49,  52,  53,  58,  59,  81,  85,  89,  96,
          98, 107, 113, 116, 118, 121, 122, 124, 125, 130, 131, 133, 135,  10,
          15,  20,  27,  30,  41,  46,  50,  55,  60,  69,  76,  80,  87,  88,
         111, 136, 108, 119, 120,  64,  71, 100, 128, 103,  79,  18,  21,  68,
          83,  56, 137,  65,  92,  99, 102, 114, 141,   5,  51, 101,   7,   1,
           0,  24,  12, 132,  82,  57,  84,  -1,  -1,  -1,  -1,  -1,  -1,  -1,
          -1,  -1,  -1,  -1,  -1,  -1,  -1,  -1,  -1,  -1,  -1,  -1,  -1,  -1,
          -1,  -1],
        [ 71,  80,  43,  49,  51,  52,  53,  58,  59,  64,  79,  81,  85, 103,
         119,  32,  54, 107,  89, 125, 128, 108, 101, 122, 135,  98, 113, 124,
          96, 118, 121,  57,   5,   7,  10,  12,  15,  21,  24,  27,  30,  46,
          55,  20,  69,  76, 102, 111, 136,  83,  18,  38,  41,  50,  56,  60,
          65,  99, 114, 116, 130,  35,  88,  87, 133,  68,  92, 141, 131,   0,
          84,   1,  -1,  -1,  -1,  -1,  -1,  -1,  -1,  -1,  -1,  -1,  -1,  -1,
          -1,  -1,  -1,  -1,  -1,  -1,  -1,  -1,  -1,  -1,  -1,  -1,  -1,  -1,
          -1,  -1]], dtype=torch.int32)
tensor([ 59,  68,  68,  65,  66, 122,  63,  68,  70,  68, 100,  69,  70,  59,
         65,  61,  58,  53,  67,  50,  68,  65,  65,  66,  68,  64,  70,  65,
         70,  65,  60,  66,  70,  66,  67,  63,  68,  66,  65,  60,  66,  69,
         66,  61,  66,  66, 105,  64,  67,  67,  45,  65,  64,  65,  62,  69],
       dtype=torch.int32)
get 122 important tokens
tensor([[  8,   9,  23,  13,  16,   4,   5,  12,  54,  69,  20,  15,  30,  24,
          32,  10,  41,  27,  35,  38,  76, 102, 111, 136,  43, 116, 118,   7,
          18,  21,  46,  88, 130,  58,  49,  52,  53,  81,  59,  64,  85, 107,
         133,  79, 122,  55, 141,  50,  60,  65,  68,  92,  99, 114, 121,  98,
         128, 131, 125,  -1,  -1,  -1,  -1,  -1,  -1,  -1,  -1,  -1,  -1,  -1,
          -1,  -1,  -1,  -1,  -1,  -1,  -1,  -1,  -1,  -1,  -1,  -1,  -1,  -1,
          -1,  -1,  -1,  -1,  -1,  -1,  -1,  -1,  -1,  -1,  -1,  -1,  -1,  -1,
          -1,  -1,  -1,  -1,  -1,  -1,  -1,  -1,  -1,  -1,  -1,  -1,  -1,  -1,
          -1,  -1,  -1,  -1,  -1,  -1,  -1,  -1,  -1,  -1],
        [124,  16,  64,  24,  43,  71,  57,   8, 103,  59,  75,  79,  81,  85,
         133,  54,  98, 108,  45,  63,  74, 113,  20,  35,  38,  49,  53,  58,
          76, 111, 136,   5,  32,   7,  10,  12,  27,  30, 107, 128, 130, 122,
          15,  41,  46,  50,  52,  60,  65,  69,  99, 102, 114,   4, 116, 121,
         125,  88, 118, 131,  18,  21,  55, 135,   9,  92,  96,  13,  -1,  -1,
          -1,  -1,  -1,  -1,  -1,  -1,  -1,  -1,  -1,  -1,  -1,  -1,  -1,  -1,
          -1,  -1,  -1,  -1,  -1,  -1,  -1,  -1,  -1,  -1,  -1,  -1,  -1,  -1,
          -1,  -1,  -1,  -1,  -1,  -1,  -1,  -1,  -1,  -1,  -1,  -1,  -1,  -1,
          -1,  -1,  -1,  -1,  -1,  -1,  -1,  -1,  -1,  -1],
        [ 71,  96,  79, 108, 118, 121, 125, 131,  53,  81,  85, 107,  51, 101,
          43,  49,  52,  58,  59,  64,  98, 128, 133, 113, 122, 135,  32,  69,
         116,   7,  10,  12,  15,  20,  24,  30,  35,  41,  54,  76,  88,  99,
         102, 111, 114, 130, 136, 141,  89,  27,  38,   5,  21,  46,  50,  55,
          60,  65,  68,  92,  75, 119, 100,  56,  18,   0,   1, 124,  -1,  -1,
          -1,  -1,  -1,  -1,  -1,  -1,  -1,  -1,  -1,  -1,  -1,  -1,  -1,  -1,
          -1,  -1,  -1,  -1,  -1,  -1,  -1,  -1,  -1,  -1,  -1,  -1,  -1,  -1,
          -1,  -1,  -1,  -1,  -1,  -1,  -1,  -1,  -1,  -1,  -1,  -1,  -1,  -1,
          -1,  -1,  -1,  -1,  -1,  -1,  -1,  -1,  -1,  -1]], dtype=torch.int32)
tensor([ 68,  81,  66, 125,  68,  66,  67,  76,  69,  70,  93,  68,  65,  66,
         64,  54,  67,  75,  69,  62,  63,  71,  73,  73,  67,  66,  68,  74,
         72,  48,  64, 119,  64,  69,  67,  70,  63, 117,  61,  60,  65,  71,
         74,  64,  70,  69,  64,  74,  64,  63,  57,  73,  72,  46, 121,  89],
       dtype=torch.int32)
get 125 important tokens
tensor([[ 57,  71,  75, 113,  79,  89,  98, 101, 108, 135,  49,  59,  24,  32,
          43,  54,  64,  96, 118, 121, 125,   5,   9,  12,  53,   8,  20,  81,
          85, 107, 128, 133,  15,  52,   7,  10,  30,  38,  58,  69,  61, 122,
         131,  27,  35,  88,   0,   1,  18,  21,  46,  50,  55,  60,  65,  99,
         102, 114, 116, 130,  68,  76,  92, 111, 136, 141,  41,   4,  -1,  -1,
          -1,  -1,  -1,  -1,  -1,  -1,  -1,  -1,  -1,  -1,  -1,  -1,  -1,  -1,
          -1,  -1,  -1,  -1,  -1,  -1,  -1,  -1,  -1,  -1,  -1,  -1,  -1,  -1,
          -1,  -1,  -1,  -1,  -1,  -1,  -1,  -1,  -1,  -1,  -1,  -1,  -1,  -1,
          -1,  -1,  -1,  -1,  -1,  -1,  -1,  -1,  -1,  -1,  -1,  -1,  -1],
        [ 57,  39,  45,  28,  31,  42,  51,  61, 135, 131, 101, 103,  75,  54,
          59,  71,  79,  81,  85,  96,  98, 107, 113, 121, 125, 128, 118, 133,
          89,  44,  22,  23, 109, 119, 132,  52,  53,  64,  69,   1,  12,  21,
          27,  30,  35,  41,  50,  60,  65,  76,  88,  99, 102, 111, 114, 136,
          32,  43,  49,  58,  24, 108, 122, 130,  92, 141,   0, 116,   4,  38,
          20,  55,  18,  46,  68,   7,  10,   8,  15,   5,   9,  -1,  -1,  -1,
          -1,  -1,  -1,  -1,  -1,  -1,  -1,  -1,  -1,  -1,  -1,  -1,  -1,  -1,
          -1,  -1,  -1,  -1,  -1,  -1,  -1,  -1,  -1,  -1,  -1,  -1,  -1,  -1,
          -1,  -1,  -1,  -1,  -1,  -1,  -1,  -1,  -1,  -1,  -1,  -1,  -1],
        [  9,  17,   8,  53,   7,  10,  15,  13,  16,   0,   1,  30,  35,  41,
          54,  69,  88,  92,  99, 102, 111, 114, 116, 130, 136, 141,  65,  68,
          81,  85,  18,  20,  21,  24,  27,  38,  46,  49,  50,  55,  58,  59,
          60,  76,   5,  32,  52,  12,  96, 133,  43, 107, 125, 128, 121,  98,
         131,  64,  89, 118,  71,  79,   4, 113,  23, 101,  -1,  -1,  -1,  -1,
          -1,  -1,  -1,  -1,  -1,  -1,  -1,  -1,  -1,  -1,  -1,  -1,  -1,  -1,
          -1,  -1,  -1,  -1,  -1,  -1,  -1,  -1,  -1,  -1,  -1,  -1,  -1,  -1,
          -1,  -1,  -1,  -1,  -1,  -1,  -1,  -1,  -1,  -1,  -1,  -1,  -1,  -1,
          -1,  -1,  -1,  -1,  -1,  -1,  -1,  -1,  -1,  -1,  -1,  -1,  -1]],
       dtype=torch.int32)
tensor([110,  97,  70,  78,  76, 124,  71,  72,  94,  82,  55, 103, 117,  69,
        110, 134, 138,  75,  84,  91,  91, 127, 138, 101,  86,  68, 108,  89,
         69, 128,  95,  82,  74, 108, 135, 110, 112,  63,  71,  75, 129, 133,
         74,  71, 109,  70,  88,  67,  88,  73, 124,  81,  71, 104, 134,  67],
       dtype=torch.int32)
get 138 important tokens
tensor([[ 29,  13,  11,  34,  37,  47,  62,  77,  91,  97, 112, 115, 117,   6,
          39,  80,  63,  23,  25,  26,  74,  82,  45, 109,  42,  93, 139,  57,
           3,   0,   1,  50, 111, 136,  27,  30,  41,  43,  60,  76,  88,  99,
         102, 107, 114, 116, 130,  15,  20,  24,  35, 141,  10,  12,  32,  38,
          46,  55,  58,  65,  68,  92,   7,  18,  21,   9,  49,  52,  59,  64,
          96, 128,  69,  85,  53,  79,  81,   5,  98, 121,  89, 101, 125, 133,
         118, 113,  71,  75,   8,  54,  17, 131, 135,  14,  31,  70,  36,  40,
          44,  61,  66,  28,  86, 105, 127, 137,  19, 138, 110, 100,  -1,  -1,
          -1,  -1,  -1,  -1,  -1,  -1,  -1,  -1,  -1,  -1,  -1,  -1,  -1,  -1,
          -1,  -1,  -1,  -1,  -1,  -1,  -1,  -1,  -1,  -1,  -1,  -1],
        [ 56,  57,  61, 109, 115, 119, 120, 122,  82, 132, 137,  87, 103,  54,
         118,  69,  42,  51, 108,  39, 106, 104, 134, 124,  84,  89,  98,  83,
          86, 140,  62,  44, 100, 113, 131,  97, 116, 138,  63,  67,  78,  93,
         105, 126, 139,  53,  59, 101, 130,   0,   1,  18,  68,  92, 141,  46,
          55,  21, 114,  65,  50,  60,  99, 102,  76,  41,  10,   7,  15,  27,
         111,  20,  24,  32,  38,  30,  35,  43,  49,  88, 136,   5,  58,  96,
          81,  79, 133, 135, 125,  52,  75, 121, 128,  71,  64,  85, 107,  -1,
          -1,  -1,  -1,  -1,  -1,  -1,  -1,  -1,  -1,  -1,  -1,  -1,  -1,  -1,
          -1,  -1,  -1,  -1,  -1,  -1,  -1,  -1,  -1,  -1,  -1,  -1,  -1,  -1,
          -1,  -1,  -1,  -1,  -1,  -1,  -1,  -1,  -1,  -1,  -1,  -1],
        [ 17,   4,  54,  89,   8,   6,  13,   9,   0,   1,  68,  92, 114, 116,
         141,  99, 102,  18,  21,  60,  65, 130, 136,  50,  55,  76,  88, 107,
         111, 133,   5,   7,  10,  12,  15,  20,  27,  30,  32,  35,  38,  41,
          43,  46,  58,  24, 113, 121,  85,  49,  59, 118, 125, 128, 135,  52,
          53,  64,  69,  96, 101,  98,  71,  81,  79,  75, 108,  57, 131,  23,
          -1,  -1,  -1,  -1,  -1,  -1,  -1,  -1,  -1,  -1,  -1,  -1,  -1,  -1,
          -1,  -1,  -1,  -1,  -1,  -1,  -1,  -1,  -1,  -1,  -1,  -1,  -1,  -1,
          -1,  -1,  -1,  -1,  -1,  -1,  -1,  -1,  -1,  -1,  -1,  -1,  -1,  -1,
          -1,  -1,  -1,  -1,  -1,  -1,  -1,  -1,  -1,  -1,  -1,  -1,  -1,  -1,
          -1,  -1,  -1,  -1,  -1,  -1,  -1,  -1,  -1,  -1,  -1,  -1]],
       dtype=torch.int32)
tensor([ 74,  69,  77,  87, 128,  72,  61,  79, 133,  95, 112,  60,  64,  71,
         68,  94,  87, 136,  87, 111,  67, 116,  69, 134, 118,  95, 115, 113,
         98,  88,  69,  80,  93,  84, 125, 121,  77, 105,  65, 137, 103, 119,
         97,  67, 124, 111,  97, 117, 136, 128,  98,  92,  64,  68, 131, 105],
       dtype=torch.int32)
get 137 important tokens
tensor([[119, 124,  31,  26,  37,  70,  29,  93,  86, 110,  82, 109,  42,  78,
         134, 137, 115, 120, 138, 139, 112,  89,  83,  97,  61, 105, 117,  40,
         103, 104, 123,  62,   1, 141,  92,   0,  50,  99, 114,  68,  18,  21,
          60,  65,  55, 102, 130, 136,  76, 111,  30,  41,  88,  36,  28,  39,
          56, 132,  74,  25,  19,  53,  59,  79,  32,  35,  43,  52,  58,  24,
          75,  69, 108, 118,  -1,  -1,  -1,  -1,  -1,  -1,  -1,  -1,  -1,  -1,
          -1,  -1,  -1,  -1,  -1,  -1,  -1,  -1,  -1,  -1,  -1,  -1,  -1,  -1,
          -1,  -1,  -1,  -1,  -1,  -1,  -1,  -1,  -1,  -1,  -1,  -1,  -1,  -1,
          -1,  -1,  -1,  -1,  -1,  -1,  -1,  -1,  -1,  -1,  -1,  -1,  -1,  -1,
          -1,  -1,  -1,  -1,  -1,  -1,  -1,  -1,  -1,  -1,  -1],
        [ 82,  42,  14,  45,  61,  67,  22,  39,  66,  94, 100, 116,  76,  88,
         111,   1,   7,  18,  21,  27,  41,  46,  50,  55,  60,  65,  68,  92,
          99, 102, 114, 130, 136, 141,   0,  10,  15,  30,  38,  58,  85,   9,
          20,  35,  69, 107,  98, 128, 101,  64, 121, 133,  52,  96,  32,  43,
          53,  59, 118,  79,  81, 125,   5,  12,  24,  49,  71,   8,  56,  -1,
          -1,  -1,  -1,  -1,  -1,  -1,  -1,  -1,  -1,  -1,  -1,  -1,  -1,  -1,
          -1,  -1,  -1,  -1,  -1,  -1,  -1,  -1,  -1,  -1,  -1,  -1,  -1,  -1,
          -1,  -1,  -1,  -1,  -1,  -1,  -1,  -1,  -1,  -1,  -1,  -1,  -1,  -1,
          -1,  -1,  -1,  -1,  -1,  -1,  -1,  -1,  -1,  -1,  -1,  -1,  -1,  -1,
          -1,  -1,  -1,  -1,  -1,  -1,  -1,  -1,  -1,  -1,  -1],
        [ 13,  17,   8,   6,  23,  14,  29,  40,  54,  42,  28,  33,  34,  90,
           4,   0,   1,   7,  10,  15,  18,  30,  35,  46,  55,  68,  88,  92,
         102, 111, 114, 130, 136, 141,  41,  60,  65,  76,  99,  21,  50,  27,
         116,  20,  24,  32,  49,  58,  38,  43,  52,  69,  85, 107, 128,  96,
         133,  81,  98,  71, 101,  64,  79, 121,  59,   5,  12, 135,   9,  16,
          45,  84, 131,  57,  61, 108, 113,  -1,  -1,  -1,  -1,  -1,  -1,  -1,
          -1,  -1,  -1,  -1,  -1,  -1,  -1,  -1,  -1,  -1,  -1,  -1,  -1,  -1,
          -1,  -1,  -1,  -1,  -1,  -1,  -1,  -1,  -1,  -1,  -1,  -1,  -1,  -1,
          -1,  -1,  -1,  -1,  -1,  -1,  -1,  -1,  -1,  -1,  -1,  -1,  -1,  -1,
          -1,  -1,  -1,  -1,  -1,  -1,  -1,  -1,  -1,  -1,  -1]],
       dtype=torch.int32)
tensor([ 38, 132,  82,  65,  65, 100, 136, 109,  74,  83, 129, 130, 130, 112,
         64,  56, 126,  97, 129,  67, 107,  96, 135,  98,  80,  96,  63, 119,
         86,  88,  90,  37, 132, 118, 131,  97, 108,  66,  92, 125,  86,  76,
        129,  67,  91,  66,  52,  94, 114, 134, 108,  77, 100,  95,  59, 129],
       dtype=torch.int32)
get 136 important tokens
tensor([[116,   0,  18,  68,  92,  99, 102, 111, 114, 136,   1,  64,  32,  43,
           7,  15,  21,  27,  50,  60,  65,  10,  20,  35,  38,  41,  46,  55,
          76,  88, 130, 141,   5,  12,  24,  30,  58,  69,  -1,  -1,  -1,  -1,
          -1,  -1,  -1,  -1,  -1,  -1,  -1,  -1,  -1,  -1,  -1,  -1,  -1,  -1,
          -1,  -1,  -1,  -1,  -1,  -1,  -1,  -1,  -1,  -1,  -1,  -1,  -1,  -1,
          -1,  -1,  -1,  -1,  -1,  -1,  -1,  -1,  -1,  -1,  -1,  -1,  -1,  -1,
          -1,  -1,  -1,  -1,  -1,  -1,  -1,  -1,  -1,  -1,  -1,  -1,  -1,  -1,
          -1,  -1,  -1,  -1,  -1,  -1,  -1,  -1,  -1,  -1,  -1,  -1,  -1,  -1,
          -1,  -1,  -1,  -1,  -1,  -1,  -1,  -1,  -1,  -1,  -1,  -1,  -1,  -1,
          -1,  -1,  -1,  -1,  -1,  -1,  -1,  -1,  -1,  -1],
        [  3,  19,  26,  31,  34,  36,  37,  48,  61,  62,  66,  67,  70,  73,
          83,  86,  90,  91,  93,  94,  95, 104, 105, 112, 117, 123, 127, 137,
          29,  40,  97,   2,  74,  33,  11,  22,  47,  72,  77, 126, 129, 134,
         139,  28, 103, 119, 140,  23,  25,  39,  42,  44,  45,  56,  78,  84,
         110, 115, 120,  16, 109, 106,  63,   8,  30,  41,  58,  85, 107, 116,
         121, 128, 133,   0,   1,  68,  92, 141,  18,  35,  46,  55,  10,  21,
          50,  60,  65,  88,  99, 102, 114, 130, 118,  15,  79, 101,  81,  96,
          98,  24,  64,  71,  20,  49,  32,  52,  53,  59, 131,   7,  27,  38,
          43,  76, 111, 136,   5, 125,  89, 113, 108,  12,  69,  75,  54, 135,
          57,   6,  17,  82,  14,   9,  -1,  -1,  -1,  -1],
        [ 26,   5,  14,  37,   6,   2,  16,  17,   4,  11,  34,  82,   9,  69,
          64,  58, 111, 136, 116,  20,  30,  41,  76,  50,  60,  65,  99, 102,
         114,  32,  35,  88, 108,  27,  38, 130,  54,   1,  24,  75, 107, 128,
          43,  49,  53,  59,  52,  79,  81,  85,  98, 133,   0, 121, 125, 135,
         118,  71, 101,  96, 113, 131,  10,  15,  18, 141,  46,  55,   7,  21,
          68,  92,  80,  87,  94, 110, 100,  28,  86,  77,   3,  97,  -1,  -1,
          -1,  -1,  -1,  -1,  -1,  -1,  -1,  -1,  -1,  -1,  -1,  -1,  -1,  -1,
          -1,  -1,  -1,  -1,  -1,  -1,  -1,  -1,  -1,  -1,  -1,  -1,  -1,  -1,
          -1,  -1,  -1,  -1,  -1,  -1,  -1,  -1,  -1,  -1,  -1,  -1,  -1,  -1,
          -1,  -1,  -1,  -1,  -1,  -1,  -1,  -1,  -1,  -1]], dtype=torch.int32)
tensor([107,  96,  78,  67, 110, 114,  95, 101, 125, 118,  72,  95, 122,  78,
        113,  84, 130,  72,  75,  90, 128, 129,  73,  64,  72,  69,  93,  68,
         76, 120,  61,  61,  47, 129, 103, 106, 131,  41, 134,  62, 128, 108,
        124,  75,  77,  58,  94,  80,  67,  55,  87,  47,  76, 101, 114,  61],
       dtype=torch.int32)
get 134 important tokens
tensor([[122,  57,   8,  44,  51, 109,  28,  36,  16,  93, 106,  14,  19,  25,
          39,  56,  67, 105,  54,  82,  11,  47,  72,  77,  83, 100,  63, 103,
          55,  35,  46,  88,  99, 102, 116, 130,  18,  21,  50,  60,  65,  68,
          76,  92, 111, 114, 136, 141,   5,  10,  15,  41,  49, 125,   0,   7,
          12,  20,  30,  58,  59,  69,  85,  98, 101, 107, 128, 131, 133,  75,
          96, 121,  32,  43,  64,  71, 113,  24,  27,  38,  52,   1,  79,  81,
         118, 135,  53, 108,  33,  45,  29,  90, 126,  26,  40,  95,  31,  37,
          70,  22, 140,  94, 119,  42, 117, 123, 138,  -1,  -1,  -1,  -1,  -1,
          -1,  -1,  -1,  -1,  -1,  -1,  -1,  -1,  -1,  -1,  -1,  -1,  -1,  -1,
          -1,  -1,  -1,  -1,  -1,  -1,  -1,  -1],
        [ 31,  36,  48,  73,  95,  42,  11,  22,  34,  56,  70, 123,   6,   9,
          16,  23,  26,  29,  33,  40,  19,  90, 126,   3,  66, 105,  13,  10,
          15,  27,  38,  41,  46,  50,  55,  60,  65,  88, 116,  35, 130,   7,
          18,  20,  21,  24,  30,  68,  76,  92,  96,  99, 111, 114, 131, 136,
         141, 102,   0,   1,  49,  43,  52,  59,  64,  75,  81,  85,  98, 107,
         118, 121, 128, 133,  79, 125, 135,  32,  58,  69,  71, 101,   5, 113,
         108,  12,  89,  53,  57,   8, 122,  61,  28, 109, 124,  54,  -1,  -1,
          -1,  -1,  -1,  -1,  -1,  -1,  -1,  -1,  -1,  -1,  -1,  -1,  -1,  -1,
          -1,  -1,  -1,  -1,  -1,  -1,  -1,  -1,  -1,  -1,  -1,  -1,  -1,  -1,
          -1,  -1,  -1,  -1,  -1,  -1,  -1,  -1],
        [ 91,  48,  73,  90,  95, 126, 104, 120, 139,  94, 127, 106,  11,  26,
          45, 100, 140,  13,  29,  22,  33,  37,  40,  14,  80, 105,  17,   1,
          19, 129,   0,  18,  68,  92, 141,   9,   7,   8,  16,  10,  20,  24,
           5,  21,  46,  50,  60,  65, 102, 114,  49,  12,   4,  30,  27, 103,
         117,  56,  64,  71,  79, 121, 122, 123, 133, 112,  25, 132, 109,  98,
         124, 125, 135,  62, 101, 113, 137,  97,  -1,  -1,  -1,  -1,  -1,  -1,
          -1,  -1,  -1,  -1,  -1,  -1,  -1,  -1,  -1,  -1,  -1,  -1,  -1,  -1,
          -1,  -1,  -1,  -1,  -1,  -1,  -1,  -1,  -1,  -1,  -1,  -1,  -1,  -1,
          -1,  -1,  -1,  -1,  -1,  -1,  -1,  -1,  -1,  -1,  -1,  -1,  -1,  -1,
          -1,  -1,  -1,  -1,  -1,  -1,  -1,  -1]], dtype=torch.int32)
tensor([ 49,  64,  78, 129, 131,  83, 109,  84,  94,  96,  58,  74,  85,  66,
        120,  86,  74,  65,  92,  65,  83,  81, 108,  57,  50,  81,  65,  85,
        108,  65,  91,  96,  68,  59,  68,  87,  72,  61,  84,  61, 117, 115,
        131, 136,  92, 112, 100, 106, 115,  76,  73, 104, 114,  98,  77, 115],
       dtype=torch.int32)
get 136 important tokens
tensor([[  4,  69, 103,  89,  59,  96,  76, 111,  38,  30,  21,  46,  55,  68,
           7,   1,  18,  65, 141,  92,  10,  99,   0,  35,  58,  13, 117,   5,
          24,  19,  17, 110,  15, 102, 119,  27,  50,  60, 114, 124,  82,  86,
          88,  49, 130, 128,  63,  20,  56,  -1,  -1,  -1,  -1,  -1,  -1,  -1,
          -1,  -1,  -1,  -1,  -1,  -1,  -1,  -1,  -1,  -1,  -1,  -1,  -1,  -1,
          -1,  -1,  -1,  -1,  -1,  -1,  -1,  -1,  -1,  -1,  -1,  -1,  -1,  -1,
          -1,  -1,  -1,  -1,  -1,  -1,  -1,  -1,  -1,  -1,  -1,  -1,  -1,  -1,
          -1,  -1,  -1,  -1,  -1,  -1,  -1,  -1,  -1,  -1,  -1,  -1,  -1,  -1,
          -1,  -1,  -1,  -1,  -1,  -1,  -1,  -1,  -1,  -1,  -1,  -1,  -1,  -1,
          -1,  -1,  -1,  -1,  -1,  -1,  -1,  -1,  -1,  -1],
        [ 30,  64,  69,  71,  79,  85,  98, 107, 121, 128, 131,   0,   5,   7,
          10,  15,  21,  27,  35,  38,  41,  46,  50,  55,  58,  60,  65,  76,
          88,  99, 102, 111, 114, 116, 130, 136,   1,  32,  43,  52,  59,  96,
         113,  68,  92, 141,  18,  49, 101,  20,  24, 133, 125, 135,  81,  75,
          53, 118, 108,  12,  54, 124,   8, 122,  -1,  -1,  -1,  -1,  -1,  -1,
          -1,  -1,  -1,  -1,  -1,  -1,  -1,  -1,  -1,  -1,  -1,  -1,  -1,  -1,
          -1,  -1,  -1,  -1,  -1,  -1,  -1,  -1,  -1,  -1,  -1,  -1,  -1,  -1,
          -1,  -1,  -1,  -1,  -1,  -1,  -1,  -1,  -1,  -1,  -1,  -1,  -1,  -1,
          -1,  -1,  -1,  -1,  -1,  -1,  -1,  -1,  -1,  -1,  -1,  -1,  -1,  -1,
          -1,  -1,  -1,  -1,  -1,  -1,  -1,  -1,  -1,  -1],
        [137, 125, 135, 122,  45,  90, 126, 124,  33,  40,  83, 134, 140, 129,
         138,  65,  41,   7,  21,  46,  50,  55,  60,  76,  79,  88,  99, 102,
         111, 114, 121, 130, 136,  35,  68,  92, 141,  69,  10,  15,  18,  49,
          59,   5,  38,  85,  98, 107, 116, 128,  20,  27,  30,  58,  96,  32,
          43, 133,  52,   0,  64, 118, 131,   1,  24,  81, 108, 113, 101,  71,
          75,  13,  61, 105,  12,  39,  89,  29,  -1,  -1,  -1,  -1,  -1,  -1,
          -1,  -1,  -1,  -1,  -1,  -1,  -1,  -1,  -1,  -1,  -1,  -1,  -1,  -1,
          -1,  -1,  -1,  -1,  -1,  -1,  -1,  -1,  -1,  -1,  -1,  -1,  -1,  -1,
          -1,  -1,  -1,  -1,  -1,  -1,  -1,  -1,  -1,  -1,  -1,  -1,  -1,  -1,
          -1,  -1,  -1,  -1,  -1,  -1,  -1,  -1,  -1,  -1]], dtype=torch.int32)
tensor([ 91, 111,  87,  93,  57,  94, 104,  74,  70, 103,  64,  98, 107,  88,
         43,  90,  81,  64,  52,  91,  68, 100, 128,  83,  73, 136,  98,  76,
        134,  38,  91,  67,  62, 108,  54,  56, 114,  95,  87,  61,  93,  96,
         43,  62,  98,  85,  67,  90,  84,  74,  47,  64, 125,  88,  64,  65],
       dtype=torch.int32)
get 136 important tokens
tensor([[  9,  19,  16,  25,  29,  33,  90,   8,  13,  22,  23,  31,  39,  40,
          42,  45,  67,  77,  84,  93, 112, 117,  83, 122, 139,  61, 104, 126,
         110,  80,  87,  69, 135,  99, 102, 111, 114, 136, 141,  18,  21,  46,
          50,  60,  65,  68,  92, 130,   0,  81,  96,   1,  59, 113, 125,  64,
          75,  79,  98, 121,  15,  32,  43,  52,  71,  85, 107, 128,  35,  55,
          88, 116,  20,  38,  49, 133,  24,  58, 108, 131,   7,  10,  30,  41,
         101,  76,  27, 118,   5,  53,  89,  -1,  -1,  -1,  -1,  -1,  -1,  -1,
          -1,  -1,  -1,  -1,  -1,  -1,  -1,  -1,  -1,  -1,  -1,  -1,  -1,  -1,
          -1,  -1,  -1,  -1,  -1,  -1,  -1,  -1,  -1,  -1,  -1,  -1,  -1,  -1,
          -1,  -1,  -1,  -1,  -1,  -1,  -1,  -1,  -1,  -1],
        [ 87,  19,  11,  47,  31,  63,  67,  45,  86, 138, 139, 140,  13,  48,
          95, 100,  22,  23,  40,  42,  44,  70,  83,  93, 137,  57, 110,  17,
          90, 126,  94, 115,  84,  72,  14,  73, 119, 129,  34,  37,  80, 123,
         127, 106, 134, 120,  51,  33, 112,  12,  25, 103,   9,  16,  96, 133,
          60,  88, 102, 114, 136,  18,  68,  92, 141,  49,  98, 121, 128,   0,
           1,  15,  46,  55,  21,  50,  65,  69,  76,  99, 111,   5,   7,  10,
          32,  58,  59,  71,  79,  81,  85, 107, 130,  35, 131, 135,  30,  41,
         118,  20,  24, 101,  64,  43,  52,  75, 113, 122, 108, 109, 132,  -1,
          -1,  -1,  -1,  -1,  -1,  -1,  -1,  -1,  -1,  -1,  -1,  -1,  -1,  -1,
          -1,  -1,  -1,  -1,  -1,  -1,  -1,  -1,  -1,  -1],
        [119, 139,  11,  19,  36,  47,  72,  23, 110,  28,  74, 109,  77, 132,
         134, 124,  29,  40,  82,  89,  61,  18, 114,  21,  46,  55,  65,  68,
          92, 141,   0,   1,   7,  50,  76,  85,  88,  99, 102, 107, 111, 116,
         128, 131, 136,  38, 113, 130,  10,  15,  79, 125,  96,  35,  58,  60,
          69,  81,  98, 121, 133, 118,  75, 108, 135,  59,  27,  20,  32,  52,
          64,  71, 101,  24,  30,  41,  43,  49,   5, 122,  53,  54,  12, 103,
          13,  57, 100,  -1,  -1,  -1,  -1,  -1,  -1,  -1,  -1,  -1,  -1,  -1,
          -1,  -1,  -1,  -1,  -1,  -1,  -1,  -1,  -1,  -1,  -1,  -1,  -1,  -1,
          -1,  -1,  -1,  -1,  -1,  -1,  -1,  -1,  -1,  -1,  -1,  -1,  -1,  -1,
          -1,  -1,  -1,  -1,  -1,  -1,  -1,  -1,  -1,  -1]], dtype=torch.int32)
tensor([ 70,  84,  89,  40,  58,  58,  63,  84,  98, 100,  85,  27,  58, 123,
         59, 100,  47,  71,  41, 122,  66, 119,  74,  39, 123,  65,  70,  54,
         69,  74,  46,  64,  46,  61,  55, 120,  65,  34,  47,  80,  62,  70,
         24,  80,  64,  60,  56, 120,  46,  53,  84,  64,  63,  58,  59,  66],
       dtype=torch.int32)
get 123 important tokens
tensor([[ 79, 113,  96,  24,  49,  52,  59,  64,  75,  98, 121, 125, 101,  10,
          32,  43,  58,  85, 131,  27,  38,  71,  81, 118, 107, 133,  20, 128,
         135,  15,  35,  53,  30,  41,  50,  60,  76,   5,   7,  21,  46,  55,
          88, 116, 130,  89, 124, 108,   0,   1,  99, 111, 114, 136, 102,  69,
          65, 110,  74,  18,  68,  92, 141,  57, 109, 103,  72,  25,  19, 122,
          -1,  -1,  -1,  -1,  -1,  -1,  -1,  -1,  -1,  -1,  -1,  -1,  -1,  -1,
          -1,  -1,  -1,  -1,  -1,  -1,  -1,  -1,  -1,  -1,  -1,  -1,  -1,  -1,
          -1,  -1,  -1,  -1,  -1,  -1,  -1,  -1,  -1,  -1,  -1,  -1,  -1,  -1,
          -1,  -1,  -1,  -1,  -1,  -1,  -1,  -1,  -1,  -1,  -1],
        [ 75,   5,  68,  98, 128,  20,  24,  35,  58,  85, 107, 121, 133, 101,
         131, 125, 135,  18,  32,  52,  79,  92, 113, 141,  10,  15,  30,  41,
          46,  49,  59,  65,  71,  76,  96, 114, 116,  64,  55,  99, 102,   7,
          21,  27,  38,  50,  60,  88, 111, 130,  43, 136,  89,  69,  81,   0,
           1, 118,  53,  97,  87, 106,  51,  57,  62, 127,   3,  26,  84, 115,
         137,   6,  23,  34,  91,  14,  42,  12,  13,  82, 103,   9,  61, 100,
          -1,  -1,  -1,  -1,  -1,  -1,  -1,  -1,  -1,  -1,  -1,  -1,  -1,  -1,
          -1,  -1,  -1,  -1,  -1,  -1,  -1,  -1,  -1,  -1,  -1,  -1,  -1,  -1,
          -1,  -1,  -1,  -1,  -1,  -1,  -1,  -1,  -1,  -1,  -1],
        [103,  93,  39,  56, 119,  61, 137, 132, 140,  29, 122, 110,  54,  70,
          94, 109,  12,  28,  40,  63, 139,  53, 118,  96,  99, 114, 113, 101,
         136,  46,  50,  60,  65, 102,  69,  21,  49,  59, 111, 125, 107, 128,
         130, 121, 124,  58,  85,  98, 116, 133,  32,  35,  81, 131,  24,  88,
          55,  92, 108, 141, 135,  79,  18,  27,  38,  68,  76,   1,  71,  43,
          52,  75,   0,   7,  15,  20,  64,  41,  30,  10,   5,   8,   6,  83,
          51,  13,  16,  17,  80,  -1,  -1,  -1,  -1,  -1,  -1,  -1,  -1,  -1,
          -1,  -1,  -1,  -1,  -1,  -1,  -1,  -1,  -1,  -1,  -1,  -1,  -1,  -1,
          -1,  -1,  -1,  -1,  -1,  -1,  -1,  -1,  -1,  -1,  -1]],
       dtype=torch.int32)
tensor([66, 80, 69, 56, 60, 51, 67, 73, 77, 58, 73, 51, 67, 56, 59, 62, 33, 64,
        42, 64, 84, 78, 66, 61, 52, 55, 64, 70, 61, 62, 61, 54, 44, 56, 26, 49,
        56, 68, 31, 36, 65, 57, 52, 47, 76, 59, 38, 33, 39, 67, 66, 64, 65, 46,
        58, 48], dtype=torch.int32)
get 84 important tokens
tensor([[ 78,  70,  14,  26,  72,  31, 120, 129,  66,  18,  68,  92, 141,  46,
          55,  11,  34,  47, 112, 100,   7,  88, 130,   1,   0,  91, 127, 106,
          21,  35,  80,  29, 116,  36,  48,  40,  83,  86, 104,  67,  77,  12,
          53,  25,  63,  28,  56, 122, 105, 117, 140, 109,  71,  82,  54,  13,
          75,  79,  93,  98, 125, 135,  45, 124, 101, 103,  -1,  -1,  -1,  -1,
          -1,  -1,  -1,  -1,  -1,  -1,  -1,  -1,  -1,  -1,  -1,  -1,  -1,  -1],
        [  6,  63,  12,  56,  83,  13,  16,  26,  28,  37, 105,  14,  42,  62,
         140,   8, 106, 115,  97,  23, 127,  31,  87, 123, 138,  25,  80, 100,
         132,  51,   3,  45,  78,  61,   9, 117, 139, 104,  29,  39, 120,  36,
          44, 137, 125,  49,  75,   1, 136,  24,  71,  53,  98, 135, 111,  43,
          52,  59,  64,  76,  79,  69, 131,  81,  32,  35, 109,  85,  99, 102,
         107, 114,   2,  57, 122, 103, 124,  40,  33,  90,  -1,  -1,  -1,  -1],
        [ 10,  46,  55,  68,  88,  92, 130, 141,   7,   5,  15,  18,  24,  27,
          30,  35,  38,  41,  43,  50,  52,  60,  64,  71,  76,  99, 101, 113,
         116, 131,  89,  20,  21,  32,  49,  58,  59,  65,  79,  81,  85, 102,
         107, 114, 121, 128, 133, 118, 111, 136,   4,  96,   0,   1,  98,  75,
         125,  69, 135, 108, 124,  54,  53,  12,  45,  57,  63,  74,  86,  -1,
          -1,  -1,  -1,  -1,  -1,  -1,  -1,  -1,  -1,  -1,  -1,  -1,  -1,  -1]],
       dtype=torch.int32)
tensor([ 56,  63,  58,  68,  64,  60,  68,  57,  38,  36,  42,  60,  64,  52,
         67,  63,  56,  56,  50,  63,  67, 113,  46,  83,  69,  63,  64,  46,
         67,  63,  60,  60,  77,  50,  50,  53,  48,  49,  12,  41,  63,  46,
         61, 131,  22,  78,  20,  60,  43,  96,  53,  65,  46,  58,  50,  40],
       dtype=torch.int32)
get 131 important tokens
tensor([[121,  53,  59,  38,  74, 116,  88,  41, 132,  27,  81,  49,  89, 109,
          15,   7,  30,  32,  35,  43,  46,  52,  55, 113,  64,  98, 101,   0,
           1,  79,  58,  85, 107, 130, 110,  75,  96, 128, 135,  10,  20,  71,
         125, 133, 131,  76, 111, 136,  24, 118, 140, 134, 119, 139,  93,  86,
          -1,  -1,  -1,  -1,  -1,  -1,  -1,  -1,  -1,  -1,  -1,  -1,  -1,  -1,
          -1,  -1,  -1,  -1,  -1,  -1,  -1,  -1,  -1,  -1,  -1,  -1,  -1,  -1,
          -1,  -1,  -1,  -1,  -1,  -1,  -1,  -1,  -1,  -1,  -1,  -1,  -1,  -1,
          -1,  -1,  -1,  -1,  -1,  -1,  -1,  -1,  -1,  -1,  -1,  -1,  -1,  -1,
          -1,  -1,  -1,  -1,  -1,  -1,  -1,  -1,  -1,  -1,  -1,  -1,  -1,  -1,
          -1,  -1,  -1,  -1,  -1],
        [ 32,  43,  49,  52,  59,  64,  71,  79,  98,   7,  10,  15,  50,  60,
          20,  76,  24,  30,  35,  41,  58, 113, 118,   5,  21,  81,  88,  55,
          65, 130, 141,  46,  96,  27,  18,  38,  68,  75,  85,  92, 101, 107,
         111, 116, 121, 125, 128, 131, 133, 135, 136,  69,  99, 102, 114,  53,
         122,   0,   1,  89, 124, 108,   4,  -1,  -1,  -1,  -1,  -1,  -1,  -1,
          -1,  -1,  -1,  -1,  -1,  -1,  -1,  -1,  -1,  -1,  -1,  -1,  -1,  -1,
          -1,  -1,  -1,  -1,  -1,  -1,  -1,  -1,  -1,  -1,  -1,  -1,  -1,  -1,
          -1,  -1,  -1,  -1,  -1,  -1,  -1,  -1,  -1,  -1,  -1,  -1,  -1,  -1,
          -1,  -1,  -1,  -1,  -1,  -1,  -1,  -1,  -1,  -1,  -1,  -1,  -1,  -1,
          -1,  -1,  -1,  -1,  -1],
        [ 79,  98,  21,  49,  27,  58, 101,  32,  30,  35,  99,  69, 121, 133,
          65, 108, 113, 117,  43,  52,  75,  55,  92, 141, 132,  68, 125, 135,
          96, 124, 110, 107, 128, 131, 122,  89,  85, 130,  88,   5,  71, 114,
         102, 136,  76,  94, 111,  81,  59,  97,   7,  38,  50,  10,  18, 118,
         119, 116,  -1,  -1,  -1,  -1,  -1,  -1,  -1,  -1,  -1,  -1,  -1,  -1,
          -1,  -1,  -1,  -1,  -1,  -1,  -1,  -1,  -1,  -1,  -1,  -1,  -1,  -1,
          -1,  -1,  -1,  -1,  -1,  -1,  -1,  -1,  -1,  -1,  -1,  -1,  -1,  -1,
          -1,  -1,  -1,  -1,  -1,  -1,  -1,  -1,  -1,  -1,  -1,  -1,  -1,  -1,
          -1,  -1,  -1,  -1,  -1,  -1,  -1,  -1,  -1,  -1,  -1,  -1,  -1,  -1,
          -1,  -1,  -1,  -1,  -1]], dtype=torch.int32)
tensor([49, 30, 31, 45, 58, 58, 64, 30, 65, 62, 59, 63, 54, 56, 61, 54, 71, 57,
        61, 63, 51, 37, 67, 41, 30, 61, 64, 60, 60, 61, 72, 57, 49, 29, 65, 61,
        63, 54, 18, 56, 34, 62, 51, 37, 48, 38, 66, 60, 27, 59, 64, 63, 16, 65,
        55, 42], dtype=torch.int32)
get 72 important tokens
tensor([[ 89, 135, 136, 122, 128,  92, 141,  68, 108, 125,  18, 107, 113, 114,
         133, 124, 101, 110, 131,  98, 121,  85, 132,  86, 111,  58, 116,  69,
          99, 102, 103, 130, 119,  81,  65,  79,  50,  76, 117, 118,   1,  30,
         138,   0, 140,  96,  88, 134,  55,  -1,  -1,  -1,  -1,  -1,  -1,  -1,
          -1,  -1,  -1,  -1,  -1,  -1,  -1,  -1,  -1,  -1,  -1,  -1,  -1,  -1,
          -1,  -1],
        [ 11,   0,   9, 122,  22, 116, 141,  68,  92,  30,   1,  83,  18,   5,
          63, 132,  12,  14,  89,  47,  17,  73,  95,  84,  80, 110,  40, 112,
         105,   3,  -1,  -1,  -1,  -1,  -1,  -1,  -1,  -1,  -1,  -1,  -1,  -1,
          -1,  -1,  -1,  -1,  -1,  -1,  -1,  -1,  -1,  -1,  -1,  -1,  -1,  -1,
          -1,  -1,  -1,  -1,  -1,  -1,  -1,  -1,  -1,  -1,  -1,  -1,  -1,  -1,
          -1,  -1],
        [137, 107, 128, 116, 140, 134, 130,  30,  68,  92, 141,   4, 131,   0,
           1, 136,  98,  81, 113,  18,  55,  88, 125, 135,  93,  94,  80, 133,
         132,  97, 114,  -1,  -1,  -1,  -1,  -1,  -1,  -1,  -1,  -1,  -1,  -1,
          -1,  -1,  -1,  -1,  -1,  -1,  -1,  -1,  -1,  -1,  -1,  -1,  -1,  -1,
          -1,  -1,  -1,  -1,  -1,  -1,  -1,  -1,  -1,  -1,  -1,  -1,  -1,  -1,
          -1,  -1]], dtype=torch.int32)
tensor([ 62,  63,  47,  68,  45,  49,  67,  91,  21,  70,  47,  62,  33,  63,
         60,  58,  59,  37,  56,  54,  62,  63,  32,  68,  36,  64,  66,  64,
         48,  48,  62,  47,  64,  29, 123,  35,  59,  30,  51,  58, 119,  69,
         63,  53,  12,  29,  23,  54,  60,  61,  50,  57,  57,  62,  55,  54],
       dtype=torch.int32)
get 123 important tokens
tensor([[ 32,  43,  52,  64,  98,   7,  79, 125, 135,  71,  75, 121, 133,  96,
         130, 131, 113,  24,  35,  58,  85,  88, 107, 128,  20,  10,  15,  46,
          55, 101,   4,  49,  50,  60,  76, 102, 114, 118,   5,  18,  68,  92,
          89, 111, 136,  21,  59, 141,  30, 116,  53,  65,  81,  99,   0,  69,
           1, 124,  27,  38, 122, 108,  -1,  -1,  -1,  -1,  -1,  -1,  -1,  -1,
          -1,  -1,  -1,  -1,  -1,  -1,  -1,  -1,  -1,  -1,  -1,  -1,  -1,  -1,
          -1,  -1,  -1,  -1,  -1,  -1,  -1,  -1,  -1,  -1,  -1,  -1,  -1,  -1,
          -1,  -1,  -1,  -1,  -1,  -1,  -1,  -1,  -1,  -1,  -1,  -1,  -1,  -1,
          -1,  -1,  -1,  -1,  -1,  -1,  -1,  -1,  -1,  -1,  -1],
        [108,  12, 119, 121, 128,  64,  81,  96,  10,  15,  20,  24,  32,  43,
          52,  71,  79,  98,  85, 107,  49,  35,  50,  58,  60,  65, 113,  46,
          76, 111, 114, 136,  27,  75, 131, 135, 133,  59, 125, 141,  55, 101,
         130,   7,  38,  68,  92,  99,  18,  53, 122,  21, 102,  41,  30,   1,
          89,   0,  88,  69,   5, 116,   4,  -1,  -1,  -1,  -1,  -1,  -1,  -1,
          -1,  -1,  -1,  -1,  -1,  -1,  -1,  -1,  -1,  -1,  -1,  -1,  -1,  -1,
          -1,  -1,  -1,  -1,  -1,  -1,  -1,  -1,  -1,  -1,  -1,  -1,  -1,  -1,
          -1,  -1,  -1,  -1,  -1,  -1,  -1,  -1,  -1,  -1,  -1,  -1,  -1,  -1,
          -1,  -1,  -1,  -1,  -1,  -1,  -1,  -1,  -1,  -1,  -1],
        [ 51,  59, 136,   5,  21,  81,  49,  96,   0, 118,   1,  76, 111,  30,
          65,  24, 141,  38,  60,  27,  53,  98, 121, 133,   4,   7,  50, 130,
          41,  10,  20,  46,  55,  92,  99,  15,  18,  35,  68,  88,  32,  43,
          52,  12, 114,  58,  69,  -1,  -1,  -1,  -1,  -1,  -1,  -1,  -1,  -1,
          -1,  -1,  -1,  -1,  -1,  -1,  -1,  -1,  -1,  -1,  -1,  -1,  -1,  -1,
          -1,  -1,  -1,  -1,  -1,  -1,  -1,  -1,  -1,  -1,  -1,  -1,  -1,  -1,
          -1,  -1,  -1,  -1,  -1,  -1,  -1,  -1,  -1,  -1,  -1,  -1,  -1,  -1,
          -1,  -1,  -1,  -1,  -1,  -1,  -1,  -1,  -1,  -1,  -1,  -1,  -1,  -1,
          -1,  -1,  -1,  -1,  -1,  -1,  -1,  -1,  -1,  -1,  -1]],
       dtype=torch.int32)
tensor([48, 76, 66, 24, 56, 42, 49, 36, 54, 73, 62, 23, 38, 35, 28, 43, 54, 38,
        55, 51, 50, 37, 59, 27, 82, 55, 56, 26, 58, 63, 60, 46, 33, 48, 53, 52,
        63, 61, 61, 59, 59, 61, 54, 30, 42, 32, 72, 47, 22, 28, 53, 57, 70, 61,
        21, 55], dtype=torch.int32)
get 82 important tokens
tensor([[ 88,  55,  65,  41,  18,  96,   5,  10,  15,  21,  38,  71,  76,   8,
          35,  46,   0,   1,  51, 130, 132, 117,  92, 141, 109,  68,  85, 107,
          69,  99, 116, 139,  84, 126,  78, 104, 137,  74,   6,  17,  58, 102,
         114,  30, 101,  64,  79,  81,  -1,  -1,  -1,  -1,  -1,  -1,  -1,  -1,
          -1,  -1,  -1,  -1,  -1,  -1,  -1,  -1,  -1,  -1,  -1,  -1,  -1,  -1,
          -1,  -1,  -1,  -1,  -1,  -1,  -1,  -1,  -1,  -1,  -1,  -1],
        [ 16,  17,  44,  18,   5,  14,  34,  15,  24,  38,  83,  26,  30,  39,
          46,   7,  21,   4,  41,   8,  27,  55,  35, 118,  85, 123, 111, 128,
         110, 116, 135, 136, 141, 102, 132,  98, 101,  88,  92, 107, 121, 130,
         131, 106, 112, 109,  89,  99, 134, 120, 124, 140, 129, 137, 138,  68,
         113, 133,  86, 117, 119, 125, 108, 114, 126,  76, 127,  79,  81, 122,
          97,  95, 115,  75,  96,  49,  -1,  -1,  -1,  -1,  -1,  -1],
        [ 24,  53,  20,  59,  96,  49,  50,  60,  75,  76,  81, 118, 125, 135,
          41, 121, 128, 130, 131, 133,   7,  15,  58, 107, 116, 140,  30,  35,
          18,  27,  38,  46,  55,  85,  88,   4,  89, 108, 113, 111,  68, 141,
          32,  43,  52,  64,  92,  99, 102, 122,  79,  10,  71,  98, 136,  21,
         101,   0,   5,   1,  65,  56,  67,  57,  69, 124,  -1,  -1,  -1,  -1,
          -1,  -1,  -1,  -1,  -1,  -1,  -1,  -1,  -1,  -1,  -1,  -1]],
       dtype=torch.int32)
tensor([67, 31, 63, 51, 52, 48, 38, 60, 51, 57, 40, 61, 60, 63, 60, 62, 47, 89,
        55, 54, 25, 41, 40, 61, 52, 24, 52, 47, 57, 19, 57, 33, 61, 43, 58, 30,
        70, 53, 52, 55, 55, 59, 29, 57, 65, 52, 55, 61, 63, 52, 47, 58, 59, 48,
        54, 48], dtype=torch.int32)
get 89 important tokens
tensor([[ 12,  16,  28,  63,  48, 105,  21,  50,  76,  99, 102, 111, 114,  60,
           5,  15,  20,  27,  69,  71,  65,  10,  32,  35,  43,  52,  64, 128,
          81, 118, 133, 136,  18,  98,  75,  79,  58,  85, 107,  68,  92,   0,
           1,   7, 121,  88, 108,  38,  41,  46,  55,   4, 113, 125, 135, 116,
         141,  96,  30,  49, 130,  24, 101, 122,  59, 124,  53,  -1,  -1,  -1,
          -1,  -1,  -1,  -1,  -1,  -1,  -1,  -1,  -1,  -1,  -1,  -1,  -1,  -1,
          -1,  -1,  -1,  -1,  -1],
        [100, 116,  18,  98, 119,  88,  50, 114,  76,  46,  55,  85, 141,  92,
         113,  41,  69, 135, 130, 131,  68,   0,  96,  21,  99, 102, 111,  60,
         117,  20,  58,  -1,  -1,  -1,  -1,  -1,  -1,  -1,  -1,  -1,  -1,  -1,
          -1,  -1,  -1,  -1,  -1,  -1,  -1,  -1,  -1,  -1,  -1,  -1,  -1,  -1,
          -1,  -1,  -1,  -1,  -1,  -1,  -1,  -1,  -1,  -1,  -1,  -1,  -1,  -1,
          -1,  -1,  -1,  -1,  -1,  -1,  -1,  -1,  -1,  -1,  -1,  -1,  -1,  -1,
          -1,  -1,  -1,  -1,  -1],
        [133, 136,  98, 101, 113, 135,  89, 131, 132,  60,  65,  71,  75,  79,
         108, 121, 125, 109,  52,  64, 124, 111,  81,  76, 119, 122,  85, 107,
         102, 114, 128,  43,  32,  99,   7,   0,   1,   5,  18,  96,  46,  55,
          88,  50,  68,  92, 141, 130,  10,  30,  69,  20,  21,  15,  49,  27,
         116,  38,  59,  35,  58,  83, 117,  -1,  -1,  -1,  -1,  -1,  -1,  -1,
          -1,  -1,  -1,  -1,  -1,  -1,  -1,  -1,  -1,  -1,  -1,  -1,  -1,  -1,
          -1,  -1,  -1,  -1,  -1]], dtype=torch.int32)
tensor([64, 59, 39, 60, 51, 55, 60, 58, 49, 32, 61, 59, 54, 41, 26, 45, 40, 62,
        43, 16, 54, 43, 27, 53, 40, 45, 51, 23, 57, 34, 62, 38, 65, 51, 52, 28,
        57, 49, 50, 51, 58, 56, 61, 50, 60, 39, 59, 63, 45, 38, 37, 37, 55, 61,
        41, 55], dtype=torch.int32)
get 65 important tokens
tensor([[ 35,   1,  21,   5,  18,  10,  68,  41,  32,  15,   4,  20,  43,  53,
          54,   7,  14,  40,  92, 141, 101, 113, 118, 130,  65, 125,  49,   0,
         111, 114,  88, 139, 140, 119, 116,  93,  59, 131, 133, 121, 135, 126,
          98, 124, 137,  94, 102,  69,  99,  75, 103,  71, 108,  97, 100,  79,
          85, 122, 115, 120, 107, 128,  96,  89,  -1],
        [  5,  79,  50,  65,  18,  92,  21,  76,  15,  60,  68, 141,  27, 131,
          10,  20,  32, 121,  30, 113,  64,  99,  88, 130,  69,  52,  81, 133,
         136,  84, 111, 125,  53, 114,   0,   1,  55, 107, 117, 128,  41,  46,
          85,  35, 122, 124,  24,  43, 135,  98, 118,  75,  58,   7, 132,  38,
         101, 108,  96,  -1,  -1,  -1,  -1,  -1,  -1],
        [ 19,  14, 117,  26,  77,  57,  97, 112,  70,  68, 123,   1,   2,  92,
          18, 141,  17,  15,   0, 110,   3,  31,  48,  95, 109, 137,  74, 134,
         139,  86,  87, 119,  96,  24, 132,   6,  73,  55,  46,  -1,  -1,  -1,
          -1,  -1,  -1,  -1,  -1,  -1,  -1,  -1,  -1,  -1,  -1,  -1,  -1,  -1,
          -1,  -1,  -1,  -1,  -1,  -1,  -1,  -1,  -1]], dtype=torch.int32)
tensor([34, 32, 52, 57, 34, 39, 42, 41, 31, 26, 42, 49, 32, 55, 66, 56, 37, 44,
        56, 53, 37, 44, 33, 48, 61, 62, 39, 28, 60, 54, 41, 63, 33, 34, 41, 27,
        40, 43, 24, 49, 41, 33, 39, 27, 20, 52, 61, 52, 54, 35, 24, 36, 51, 42,
        69, 38], dtype=torch.int32)
get 69 important tokens
tensor([[ 69,  70,  51, 141,   0,   1, 115,  23,  17, 129,  14, 120,  18,  55,
          46,  92,  68,  96,  35, 100, 105,  19, 134,  45,  73,  84,  97,  95,
           6,  72,  29,  49,  67, 106,  -1,  -1,  -1,  -1,  -1,  -1,  -1,  -1,
          -1,  -1,  -1,  -1,  -1,  -1,  -1,  -1,  -1,  -1,  -1,  -1,  -1,  -1,
          -1,  -1,  -1,  -1,  -1,  -1,  -1,  -1,  -1,  -1,  -1,  -1,  -1],
        [  6,  94,  16,  69,   4,  31,   2, 107,  99, 102, 106,   0,   1,  18,
          93,  68, 141,  71, 111, 114, 100, 122,  90,  91, 140, 108,  92, 115,
         120, 118, 104, 126,  -1,  -1,  -1,  -1,  -1,  -1,  -1,  -1,  -1,  -1,
          -1,  -1,  -1,  -1,  -1,  -1,  -1,  -1,  -1,  -1,  -1,  -1,  -1,  -1,
          -1,  -1,  -1,  -1,  -1,  -1,  -1,  -1,  -1,  -1,  -1,  -1,  -1],
        [  7,  68,  92, 141,  18,  27,  38,  85,  81,  30,  88, 107, 116,  41,
          35,  71,  79, 121, 130, 133,  15, 113,  10, 128,  46,  55,  58,  64,
         131, 111,  98, 101,   0,   1,  76, 125, 122,   6, 123,  24,  21,  69,
          32,  99, 102, 114, 108,  43,  52,  96,  49,  75,  -1,  -1,  -1,  -1,
          -1,  -1,  -1,  -1,  -1,  -1,  -1,  -1,  -1,  -1,  -1,  -1,  -1]],
       dtype=torch.int32)
tensor([62, 29, 51, 45, 42, 31, 64, 49, 27, 50, 39, 16, 31, 29, 60, 30, 57, 43,
        37, 27, 57, 43, 35, 25, 24, 43, 29, 47, 47, 22, 40, 37, 53, 58, 26, 21,
        44, 40, 40, 31, 22, 45, 55, 36, 53, 38, 63, 60, 39, 25, 48, 39, 30, 32,
        30, 46], dtype=torch.int32)
get 64 important tokens
tensor([[ 89, 117, 128,  65, 133, 124,  57,  54, 118, 131, 114, 134, 136, 138,
         116, 125,  58, 111, 109, 121, 135,  85, 113, 108, 119, 140,  64,  59,
          92,  68, 141,  30,  88, 107,  55, 130,   0,   1,  81,  46,  75,  27,
          38,  18,  19,  52,  74,  49,  50,  53,  41,  79,  76, 110,  43,  96,
          98, 126, 137, 122,  60,  29,  -1,  -1],
        [131, 116, 130,  68,  88,  92, 141,  93,  96, 137, 106, 128, 107,  46,
          85, 113, 133, 125,  18, 117, 111, 118, 129, 123, 112, 115, 108, 110,
         138,  -1,  -1,  -1,  -1,  -1,  -1,  -1,  -1,  -1,  -1,  -1,  -1,  -1,
          -1,  -1,  -1,  -1,  -1,  -1,  -1,  -1,  -1,  -1,  -1,  -1,  -1,  -1,
          -1,  -1,  -1,  -1,  -1,  -1,  -1,  -1],
        [ 92, 141,  88, 107,   0,   1,  96,  35,  43, 114,  52,  68,  85,  58,
         137,  65,  76,  79, 121, 130, 128, 113,  20, 111,  41,  18,  75,  98,
         102,  64, 133, 101, 131,  46,   5,  15, 125,  30,   4,  99, 118,  32,
         116, 122,  49, 135,  89,  69, 136,   7,  14,  -1,  -1,  -1,  -1,  -1,
          -1,  -1,  -1,  -1,  -1,  -1,  -1,  -1]], dtype=torch.int32)
tensor([40, 28, 43, 45, 39, 70, 47, 36, 20, 40, 25, 18, 24, 42, 44, 19, 51, 27,
        41, 22, 28, 29, 54, 48, 24, 39, 31, 19, 19, 33, 42, 49, 34, 26, 42, 23,
        32, 31, 32, 29, 62, 41, 24, 38, 30, 51, 50, 22, 35, 59, 52, 37, 35, 34,
        33, 34], dtype=torch.int32)
get 70 important tokens
tensor([[ 15,  68,  10,  18,  98,  92,  99, 102,  75, 141, 116, 133, 121, 114,
          90, 107,  85,  57,   0,  52,   1, 122,  96,  50,  60, 124, 130, 108,
           6, 118,   5,  20,  69,   7,  21,  38,  58,  46,  24,  71,  -1,  -1,
          -1,  -1,  -1,  -1,  -1,  -1,  -1,  -1,  -1,  -1,  -1,  -1,  -1,  -1,
          -1,  -1,  -1,  -1,  -1,  -1,  -1,  -1,  -1,  -1,  -1,  -1,  -1,  -1],
        [ 92, 141, 115,   3,  70, 123,  81,   0,   1,  18,  27,  68,  69, 117,
           5,  41, 101, 114, 130, 135, 119,  30, 132, 133, 116,  49,  46,  19,
          -1,  -1,  -1,  -1,  -1,  -1,  -1,  -1,  -1,  -1,  -1,  -1,  -1,  -1,
          -1,  -1,  -1,  -1,  -1,  -1,  -1,  -1,  -1,  -1,  -1,  -1,  -1,  -1,
          -1,  -1,  -1,  -1,  -1,  -1,  -1,  -1,  -1,  -1,  -1,  -1,  -1,  -1],
        [101, 113,   8,   0,  80, 102,  93,   1,  68,  99,  76, 107,  92, 125,
          50,  79, 116,  53, 141,  75,  18, 131,   7,  15,  46,  85,  58,  71,
          98,  32, 135,  30,  35, 133,  96,  88,  10,  81,  74,  52,  73,  69,
         128,  -1,  -1,  -1,  -1,  -1,  -1,  -1,  -1,  -1,  -1,  -1,  -1,  -1,
          -1,  -1,  -1,  -1,  -1,  -1,  -1,  -1,  -1,  -1,  -1,  -1,  -1,  -1]],
       dtype=torch.int32)
tensor([24, 25, 40, 27, 28, 29, 52, 24, 26, 29, 26, 46, 29, 44, 27, 32, 41, 44,
        24, 31, 22, 50, 33, 23, 54, 34, 33, 35, 26, 39, 33, 26, 14, 30, 31, 21,
        22, 36, 32, 27, 20, 29, 53, 28, 31, 44, 63, 24, 39, 35, 32, 32, 24, 36,
        23, 23], dtype=torch.int32)
get 63 important tokens
tensor([[  5,  70,   1,  14,  18,   0, 133, 117, 125,  46,  92,  68, 141,  16,
          17,  34,  53,  19, 130,  95, 116,  62,  32,  43,  -1,  -1,  -1,  -1,
          -1,  -1,  -1,  -1,  -1,  -1,  -1,  -1,  -1,  -1,  -1,  -1,  -1,  -1,
          -1,  -1,  -1,  -1,  -1,  -1,  -1,  -1,  -1,  -1,  -1,  -1,  -1,  -1,
          -1,  -1,  -1,  -1,  -1,  -1,  -1],
        [116, 138,  88,   1,  68,  92, 141,   0,  15,   8,  89,  59,  10,   4,
          18,  49, 119,  63,  96,  78,  57,  83, 133,  69,  19,  -1,  -1,  -1,
          -1,  -1,  -1,  -1,  -1,  -1,  -1,  -1,  -1,  -1,  -1,  -1,  -1,  -1,
          -1,  -1,  -1,  -1,  -1,  -1,  -1,  -1,  -1,  -1,  -1,  -1,  -1,  -1,
          -1,  -1,  -1,  -1,  -1,  -1,  -1],
        [ 18,  52,  68, 102, 114, 107,  21,  88,  64,  71, 118,  96,  92, 141,
          58, 106,  43,  46,   7, 116, 128,  10,  15, 130,  32,  79,   5,  30,
          35,  98,  41,  17, 115,  14, 103,  50,  20,   4,  76,  85,  -1,  -1,
          -1,  -1,  -1,  -1,  -1,  -1,  -1,  -1,  -1,  -1,  -1,  -1,  -1,  -1,
          -1,  -1,  -1,  -1,  -1,  -1,  -1]], dtype=torch.int32)
tensor([20, 30, 30, 22, 28, 18, 21, 23, 29, 31, 28, 25, 33, 39, 47, 32, 37, 18,
        22, 21, 34, 22, 21, 30, 20, 32, 24, 25, 32, 24, 30, 23, 26, 33, 24, 23,
        55, 31, 37, 32, 18, 32, 47, 23, 31, 24, 62, 28, 30, 21, 26, 24, 21, 41,
        43, 22], dtype=torch.int32)
get 62 important tokens
tensor([[141,   0,   1,  92,  43,  68,  18,  21,  16, 116,  56, 135,  69,  94,
          50,  42,  93,  19,  24,   8,  -1,  -1,  -1,  -1,  -1,  -1,  -1,  -1,
          -1,  -1,  -1,  -1,  -1,  -1,  -1,  -1,  -1,  -1,  -1,  -1,  -1,  -1,
          -1,  -1,  -1,  -1,  -1,  -1,  -1,  -1,  -1,  -1,  -1,  -1,  -1,  -1,
          -1,  -1,  -1,  -1,  -1,  -1],
        [ 18, 107,  13,   5, 111,  79,  93,   0,  68, 141,   1,  55,  23,  34,
          41,  47,  92,  45,  46, 116, 118,  26,  99,  25,  69,  29,  30,  49,
           4,  14,  -1,  -1,  -1,  -1,  -1,  -1,  -1,  -1,  -1,  -1,  -1,  -1,
          -1,  -1,  -1,  -1,  -1,  -1,  -1,  -1,  -1,  -1,  -1,  -1,  -1,  -1,
          -1,  -1,  -1,  -1,  -1,  -1],
        [102,  90,  88, 101, 113, 136, 137,  81,  70,  18,   1, 141,   0,  64,
          53,  60,  52,  92,   4,  69,  68, 121, 123, 118, 104,  10,   5,   7,
          41, 116,  -1,  -1,  -1,  -1,  -1,  -1,  -1,  -1,  -1,  -1,  -1,  -1,
          -1,  -1,  -1,  -1,  -1,  -1,  -1,  -1,  -1,  -1,  -1,  -1,  -1,  -1,
          -1,  -1,  -1,  -1,  -1,  -1]], dtype=torch.int32)
tensor([30, 30, 30, 23, 25, 15, 43, 20, 20, 32, 25, 26, 13, 19, 16, 32, 20, 20,
        26, 30, 32, 24, 17, 26, 16, 53, 19, 26, 36, 32, 21, 24, 26, 40, 43, 28,
        25, 41, 21, 30, 23, 18, 26, 22, 27, 15, 22, 31, 19, 23, 28, 36, 29, 21,
        18, 28], dtype=torch.int32)
get 53 important tokens
tensor([[ 10,  93, 141,  92,  68,   3,   0,   1,   4,  98,  49,  50,  15, 101,
          69,  59,  60, 102, 111, 131,  91,  81,  24,  21,  99,  52,  19,  16,
          11,  65,  -1,  -1,  -1,  -1,  -1,  -1,  -1,  -1,  -1,  -1,  -1,  -1,
          -1,  -1,  -1,  -1,  -1,  -1,  -1,  -1,  -1,  -1,  -1],
        [ 80, 117,   0,   1,  18,  92, 130,  24, 110,  68,  35, 141,  89,  49,
         111,   3,  55,  46,  28,  39,  58,  87,  48,  86,   5,  19, 131,  69,
          27,  30,  -1,  -1,  -1,  -1,  -1,  -1,  -1,  -1,  -1,  -1,  -1,  -1,
          -1,  -1,  -1,  -1,  -1,  -1,  -1,  -1,  -1,  -1,  -1],
        [  4, 108, 110, 116, 113,  75,  96, 121,  61,   0,   1,  92, 141,  68,
         135,  50,  51,  49,  74,  97,  69,  58,  59,  19,  21,  46,   5,  18,
          71,  11,  -1,  -1,  -1,  -1,  -1,  -1,  -1,  -1,  -1,  -1,  -1,  -1,
          -1,  -1,  -1,  -1,  -1,  -1,  -1,  -1,  -1,  -1,  -1]],
       dtype=torch.int32)
tensor([32, 25, 25, 36, 27, 33, 22, 24, 18, 35, 28, 20, 22, 22, 26, 23, 26, 19,
        33, 36, 38, 29, 38, 19, 30, 26, 33, 14, 25, 22, 19, 27, 19, 20, 25, 19,
        32, 24, 26, 28, 61, 14, 35, 22, 22, 21, 20, 28, 26, 21, 16, 18, 22, 39,
        21, 22], dtype=torch.int32)
get 61 important tokens
tensor([[  0,   1, 107,  96, 141,  68, 113, 117,  99,  35,  92, 114,  18,  23,
          46,  58,  19,  52,  59,  53, 116, 125, 128, 130,  17, 101,   6,   9,
          42,  69,  15,   4,  -1,  -1,  -1,  -1,  -1,  -1,  -1,  -1,  -1,  -1,
          -1,  -1,  -1,  -1,  -1,  -1,  -1,  -1,  -1,  -1,  -1,  -1,  -1,  -1,
          -1,  -1,  -1,  -1,  -1],
        [ 18,   0,   1,   3,   7,  15,  68,  92, 107, 141,  46,  67,  49,  36,
          69,  60,   6,  35, 119,  21,  59,  65,  20,  45,  57,  -1,  -1,  -1,
          -1,  -1,  -1,  -1,  -1,  -1,  -1,  -1,  -1,  -1,  -1,  -1,  -1,  -1,
          -1,  -1,  -1,  -1,  -1,  -1,  -1,  -1,  -1,  -1,  -1,  -1,  -1,  -1,
          -1,  -1,  -1,  -1,  -1],
        [ 93,   0, 127,   1,  92, 141,   4,  20,  95,  68,  69,  18,  59, 135,
         109,  65,  47,  54,  45, 131,  72, 101,  19,  21,  14,  -1,  -1,  -1,
          -1,  -1,  -1,  -1,  -1,  -1,  -1,  -1,  -1,  -1,  -1,  -1,  -1,  -1,
          -1,  -1,  -1,  -1,  -1,  -1,  -1,  -1,  -1,  -1,  -1,  -1,  -1,  -1,
          -1,  -1,  -1,  -1,  -1]], dtype=torch.int32)
tensor([21, 13, 16, 28, 16, 20, 30, 18, 24, 32, 23, 20, 16, 19, 27, 19, 30, 17,
        26, 19, 16, 24, 23, 22, 20, 19, 29, 26, 42, 33, 33, 24, 21, 30, 18, 27,
        21, 17, 30, 17, 19, 28, 18, 22, 26, 26, 19, 19, 38, 21, 28, 28, 21, 19,
        31, 23], dtype=torch.int32)
get 42 important tokens
tensor([[ 63,  94,  18,  68, 130,  77,  11,  92,  82,   0,   1, 141,   6, 131,
          67,  46, 110,   4,  81,  69,  12,  -1,  -1,  -1,  -1,  -1,  -1,  -1,
          -1,  -1,  -1,  -1,  -1,  -1,  -1,  -1,  -1,  -1,  -1,  -1,  -1,  -1],
        [ 10,   0,  69, 108,   1,  19,  96,  93,  68,  92,   6,  18,   4,  -1,
          -1,  -1,  -1,  -1,  -1,  -1,  -1,  -1,  -1,  -1,  -1,  -1,  -1,  -1,
          -1,  -1,  -1,  -1,  -1,  -1,  -1,  -1,  -1,  -1,  -1,  -1,  -1,  -1],
        [ 92,  68,   1, 141,  69,  15,  29,   0,   4,  18,  53,  54,   3, 117,
         129,  71,  -1,  -1,  -1,  -1,  -1,  -1,  -1,  -1,  -1,  -1,  -1,  -1,
          -1,  -1,  -1,  -1,  -1,  -1,  -1,  -1,  -1,  -1,  -1,  -1,  -1,  -1]],
       dtype=torch.int32)
tensor([20, 15, 21, 23, 19, 18, 23, 27, 33, 29, 17, 32, 22, 13, 19, 33, 46, 19,
        22, 15, 19, 22, 30, 27, 20, 25, 26, 20, 15, 22, 21, 30, 20, 20, 27, 30,
        22, 20, 10, 19, 21, 20, 25, 16, 20, 24, 38, 21, 18, 17, 22, 15, 22, 24,
        12, 19], dtype=torch.int32)
get 46 important tokens
tensor([[ 68,   0, 135,  58,  59,  57,  92,   1, 100,  18, 141,  69,   9, 116,
         113,   5,  55,  19,  89,  73,  -1,  -1,  -1,  -1,  -1,  -1,  -1,  -1,
          -1,  -1,  -1,  -1,  -1,  -1,  -1,  -1,  -1,  -1,  -1,  -1,  -1,  -1,
          -1,  -1,  -1,  -1],
        [  1, 116,  93,   0,  18, 138,  92,  95, 141,  68,  48,  11,  24,   6,
          60,  -1,  -1,  -1,  -1,  -1,  -1,  -1,  -1,  -1,  -1,  -1,  -1,  -1,
          -1,  -1,  -1,  -1,  -1,  -1,  -1,  -1,  -1,  -1,  -1,  -1,  -1,  -1,
          -1,  -1,  -1,  -1],
        [ 93,  15, 138,  16,   0,   1,  68,  92,  49, 141,  34,  50,  21, 121,
         136, 134, 118, 122,  18,   6,  63,  -1,  -1,  -1,  -1,  -1,  -1,  -1,
          -1,  -1,  -1,  -1,  -1,  -1,  -1,  -1,  -1,  -1,  -1,  -1,  -1,  -1,
          -1,  -1,  -1,  -1]], dtype=torch.int32)
tensor([22, 20, 19, 12, 25, 19, 18, 16, 16, 19, 21, 20, 21, 19, 16, 17, 17, 19,
        21, 23, 17, 20, 24, 16, 23, 23, 26, 12, 18, 15, 22, 19, 11, 22, 17, 27,
        20, 21, 20, 20, 26, 14, 29, 10, 10, 14, 18, 20, 14, 22, 16, 19, 22, 21,
        16, 15], dtype=torch.int32)
get 29 important tokens
tensor([[ 73,   3,  51,  95,  15,  74,   5, 125,   0,   1,  59,  69, 141,  93,
          96,  71, 110,  68, 121,  92,  19,  98,  -1,  -1,  -1,  -1,  -1,  -1,
          -1],
        [ 88,  49,  92, 138,  68,  81,  52,  76,  85, 141,  12,  11,  58,  53,
           0,   1, 116,  99,  46,  96,  -1,  -1,  -1,  -1,  -1,  -1,  -1,  -1,
          -1],
        [ 68,   0,  18, 116, 106,  92, 141,  88,  15,   1,  34,  59, 134,  69,
         101, 131,  21,   9,  96,  -1,  -1,  -1,  -1,  -1,  -1,  -1,  -1,  -1,
          -1]], dtype=torch.int32)
tensor([27, 24, 17, 27, 23, 24, 26, 12, 13, 22, 18, 25, 18, 18, 25, 19, 15, 20,
        28, 14, 20, 25, 13, 16, 14, 18, 13, 19, 18, 17, 17, 22, 14, 17, 21, 20,
        14, 16, 13, 12, 29, 19, 13, 18, 19, 18, 20, 19, 30, 24, 11, 24, 25, 15,
        21,  8], dtype=torch.int32)
get 30 important tokens
tensor([[ 65, 114,  68,  92, 141,  54,  18, 116, 103,  60,  59,   0, 132, 102,
          50, 110, 122,   1,  96,  46,  75, 130,   4,  19, 115,  80,  69,  -1,
          -1,  -1],
        [129,  40,  44,  93,  22,  45,  46,  27,  41,   9,  13, 103,  91,  10,
          32,   0,   1, 141,  95,  34,  68,  25,  36,   5,  -1,  -1,  -1,  -1,
          -1,  -1],
        [  0,  35,   4,  68,   1, 141,  34, 115,  85,  69,  37,  48,  40,  57,
          53,  56,  18,  -1,  -1,  -1,  -1,  -1,  -1,  -1,  -1,  -1,  -1,  -1,
          -1,  -1]], dtype=torch.int32)
tensor([21, 18, 21, 21, 13, 20, 22, 14, 15, 12, 24, 11, 31, 21, 21, 22, 12, 25,
        17, 22, 19, 17, 23, 18, 16, 19,  9, 20, 30, 22, 10, 17, 24, 19, 28, 15,
        16, 19, 29, 15, 19, 23, 16, 24, 24,  9, 16, 17, 25, 20, 20, 16, 20, 34,
        14, 27], dtype=torch.int32)
get 34 important tokens
tensor([[ 91,  85, 124, 120,   9, 141,  84, 109,  33,  53,  47, 101, 116,  58,
           0,   1,  93, 126, 105,  68,  26,  -1,  -1,  -1,  -1,  -1,  -1,  -1,
          -1,  -1,  -1,  -1,  -1,  -1],
        [ 18,  19, 141, 101,   0,   1,  60,  45,  93,  70,  69,  13,   2,  34,
          22,   4,  49,   3,  -1,  -1,  -1,  -1,  -1,  -1,  -1,  -1,  -1,  -1,
          -1,  -1,  -1,  -1,  -1,  -1],
        [124, 117,  23,  47, 129,  19,  20,   0,   1,  49,  89,  45,  18, 127,
          96, 141,  57,  63,  68,  59, 131,  -1,  -1,  -1,  -1,  -1,  -1,  -1,
          -1,  -1,  -1,  -1,  -1,  -1]], dtype=torch.int32)
tensor([14, 16, 17, 20, 16, 13, 27, 18, 16, 12, 19, 10, 21, 21, 17, 19, 16, 13,
        19, 14, 17, 19, 10, 13, 22, 26, 19, 16, 23, 16, 16, 15, 31, 18, 32, 17,
        13, 25, 20, 13, 11, 16, 16, 19, 16, 16, 15, 16, 14, 17, 11, 18, 15, 15,
        16,  9], dtype=torch.int32)
get 32 important tokens
tensor([[  0,  51, 111,  52,  21, 122,  64,  39,  65,  40,   1,  10,  25, 128,
          -1,  -1,  -1,  -1,  -1,  -1,  -1,  -1,  -1,  -1,  -1,  -1,  -1,  -1,
          -1,  -1,  -1,  -1],
        [  3,  68, 122,   1, 141,   0, 105, 106,  29,  65,  18,  34,  28,  24,
          92,  69,  -1,  -1,  -1,  -1,  -1,  -1,  -1,  -1,  -1,  -1,  -1,  -1,
          -1,  -1,  -1,  -1],
        [106, 141,  93, 100, 131, 103,  97,   1,   0,  11,  98,  35,  59,  60,
          71,  61,   7,  -1,  -1,  -1,  -1,  -1,  -1,  -1,  -1,  -1,  -1,  -1,
          -1,  -1,  -1,  -1]], dtype=torch.int32)
tensor([22, 23, 15, 17, 20, 19,  9, 18, 11, 19, 12, 19, 16, 13, 12, 16, 10, 18,
        13, 10, 12, 15, 20, 15, 14, 21, 18, 18, 17, 17, 13, 13, 14, 18, 17, 14,
        22, 19, 14, 14, 18, 20, 12, 13, 22, 29, 24, 21, 21, 25, 18, 12, 17, 17,
        14, 14], dtype=torch.int32)
get 29 important tokens
tensor([[101,  83, 130, 122, 127,  95,  66, 100,   1,  45,   4,   0,  37,  17,
          24,  87,  43,  39,  68,   3,  25, 133,  -1,  -1,  -1,  -1,  -1,  -1,
          -1],
        [109,   1,  50,  46,   0, 107,  38, 140,  18, 103,  24,  86, 126, 120,
         141,  15,  69, 102,  89, 122,  81,  68, 100,  -1,  -1,  -1,  -1,  -1,
          -1],
        [121,  92, 120,  24, 141,   0,  20,  15,  11,  81,   1,  69,  68,  41,
          65,  -1,  -1,  -1,  -1,  -1,  -1,  -1,  -1,  -1,  -1,  -1,  -1,  -1,
          -1]], dtype=torch.int32)
tensor([26, 14, 15, 13, 21, 16, 13, 11, 13, 13, 15, 20, 21, 14, 14, 10, 16, 10,
        17, 16, 12, 16, 13, 14, 17, 20, 18, 19, 12, 19, 15, 12, 15, 15, 18, 22,
        13, 14,  6, 19, 22, 19, 10, 10, 17, 15, 26, 20, 16, 15, 15,  9, 18, 23,
        16, 15], dtype=torch.int32)
get 26 important tokens
tensor([[ 92,   0,   1,  96,  13,  14,  34,  46,  66,  58,  68,  35, 141,   2,
           7,  57,  19, 110,  53,  38,  50,  40, 111,  44,  51,  86],
        [  0,   1, 111, 133, 123,  34,  28, 129, 106,   2,  58, 113,  80,  95,
          -1,  -1,  -1,  -1,  -1,  -1,  -1,  -1,  -1,  -1,  -1,  -1],
        [ 40,  51,  93, 139,  58, 111, 112, 104,  69,   0,   1,  11, 126,  66,
          83,  -1,  -1,  -1,  -1,  -1,  -1,  -1,  -1,  -1,  -1,  -1]],
       dtype=torch.int32)
tensor([15, 14,  7, 17, 11, 23, 15, 14, 20, 18, 16, 20,  8, 12, 15, 17, 14, 19,
        17, 18, 21, 13, 18, 15, 16, 14, 13, 13, 21, 20, 16, 17, 12, 16, 18, 23,
        12, 19, 15,  9, 19, 17, 14, 23, 17, 13, 22, 10, 17, 11, 16, 18, 17, 12,
        18, 20], dtype=torch.int32)
get 23 important tokens
tensor([[ 19,  66,  84,  85,  18,   0,   1,  68,  71,   7, 121, 102, 141,  30,
         117,  -1,  -1,  -1,  -1,  -1,  -1,  -1,  -1],
        [  0,   1,  18,  57,  31,  17,  29,  19,  34,   9,  42,  33,  47,  32,
          -1,  -1,  -1,  -1,  -1,  -1,  -1,  -1,  -1],
        [ 11,  60,   0,   1,  47,  37,  69,  -1,  -1,  -1,  -1,  -1,  -1,  -1,
          -1,  -1,  -1,  -1,  -1,  -1,  -1,  -1,  -1]], dtype=torch.int32)
tensor([18, 13, 13, 18, 29, 17, 20, 15, 17, 14, 16, 15, 17, 18, 16, 17, 14, 15,
        17, 19, 15, 16, 17, 14, 20, 24, 16, 12, 17, 25, 12, 10, 18, 18, 20, 13,
        14, 16, 10, 19, 13, 16, 19, 22, 17, 15, 23, 17, 20, 18, 17, 16, 20, 16,
        14, 18], dtype=torch.int32)
get 29 important tokens
tensor([[ 72, 141, 100,   3,  48,  34, 108,   0,   1,  73,  62,  19,  46,  66,
          12,  11,  43,  21,  -1,  -1,  -1,  -1,  -1,  -1,  -1,  -1,  -1,  -1,
          -1],
        [ 17,   0,   1,  64,  74, 110,  60,  44,  80,  90,  72,  38,   4,  -1,
          -1,  -1,  -1,  -1,  -1,  -1,  -1,  -1,  -1,  -1,  -1,  -1,  -1,  -1,
          -1],
        [  0,  76, 125,   1,  33,  15,  69,  23,  17, 106,  78,  50, 139,  -1,
          -1,  -1,  -1,  -1,  -1,  -1,  -1,  -1,  -1,  -1,  -1,  -1,  -1,  -1,
          -1]], dtype=torch.int32)
tensor([17, 16,  9, 19, 21, 16, 13, 16, 14, 13, 21, 17, 11, 19, 21, 17, 14, 14,
        18, 14, 16, 15, 19, 23, 18, 22, 12, 14, 13, 20, 15, 18, 23, 11, 15, 29,
        21, 17, 19, 24, 14, 14, 17, 16, 25, 29, 16, 13, 16, 14, 13, 16, 18, 13,
        36, 13], dtype=torch.int32)
get 36 important tokens
tensor([[ 66,  68,  11,  82,   0,   1,   4,  51,  15,  18,  57,  44,  49,  88,
           8, 104,   2,  -1,  -1,  -1,  -1,  -1,  -1,  -1,  -1,  -1,  -1,  -1,
          -1,  -1,  -1,  -1,  -1,  -1,  -1,  -1],
        [106,   1,   0,  95,  18, 127,  33,  14,  34, 121,  55,  70,  66,  20,
         105, 138,  -1,  -1,  -1,  -1,  -1,  -1,  -1,  -1,  -1,  -1,  -1,  -1,
          -1,  -1,  -1,  -1,  -1,  -1,  -1,  -1],
        [  1,   3,   0,  20,  27,  14, 116,  53,  17,  -1,  -1,  -1,  -1,  -1,
          -1,  -1,  -1,  -1,  -1,  -1,  -1,  -1,  -1,  -1,  -1,  -1,  -1,  -1,
          -1,  -1,  -1,  -1,  -1,  -1,  -1,  -1]], dtype=torch.int32)
tensor([14, 12, 16, 18, 16, 14, 16, 16, 20, 11, 19, 21, 13,  9, 19, 18, 20, 13,
        14, 12, 16, 12, 18, 15, 21, 16, 13, 14, 12, 23, 18, 15, 12, 22, 16, 15,
        34, 19, 11, 13, 15, 16, 22, 15, 15, 12, 16, 15, 10, 17, 26, 21, 14, 17,
        19, 21], dtype=torch.int32)
get 34 important tokens
tensor([[ 17,   0,   1,  23,  12,  25, 129,  86,  46,  38,  33,  90,  27,  15,
          -1,  -1,  -1,  -1,  -1,  -1,  -1,  -1,  -1,  -1,  -1,  -1,  -1,  -1,
          -1,  -1,  -1,  -1,  -1,  -1],
        [ 11,  47,  72,   2,  80,  10,  63,   0,   1, 115, 130,   3,  -1,  -1,
          -1,  -1,  -1,  -1,  -1,  -1,  -1,  -1,  -1,  -1,  -1,  -1,  -1,  -1,
          -1,  -1,  -1,  -1,  -1,  -1],
        [ 93,  11,  72,  57,  67,   0,   1,  96,  22,  19,  68,  32,  66,  38,
         139,  51,  -1,  -1,  -1,  -1,  -1,  -1,  -1,  -1,  -1,  -1,  -1,  -1,
          -1,  -1,  -1,  -1,  -1,  -1]], dtype=torch.int32)
tensor([19, 10, 14, 17, 20, 15, 18, 13, 14, 21, 26, 19, 10, 14,  7, 16, 18, 12,
        12, 12, 22, 17, 22, 23, 16, 15, 14, 18, 18, 16, 17, 20, 17, 16, 15, 14,
        17, 19, 25, 16, 11, 23, 21, 28, 20, 14, 18, 24, 20, 16, 21, 18, 17, 10,
        13,  6], dtype=torch.int32)
get 28 important tokens
tensor([[ 19,  23,  68, 137, 116, 134,  69,   0, 124,   1,  93,  27,  52,  18,
          53,  80,  10,  91,  20,  -1,  -1,  -1,  -1,  -1,  -1,  -1,  -1,  -1],
        [115,   0,   1, 131,  48,   3, 100,  55, 102,  95,  -1,  -1,  -1,  -1,
          -1,  -1,  -1,  -1,  -1,  -1,  -1,  -1,  -1,  -1,  -1,  -1,  -1,  -1],
        [  0,  19, 120, 140,  83,  67,  68,  84,   1,  13,   3,  22,  71,  72,
          -1,  -1,  -1,  -1,  -1,  -1,  -1,  -1,  -1,  -1,  -1,  -1,  -1,  -1]],
       dtype=torch.int32)
tensor([10, 12, 24, 14, 19, 14, 10, 13, 29, 12, 17, 17, 12, 18, 16, 17, 16, 14,
        19, 17, 11, 19, 18,  9, 19, 15, 15, 16, 14, 18, 16, 15, 16, 15, 16, 11,
        17, 14, 22, 11, 21, 10, 16, 25, 13, 14, 13, 20, 19, 15, 13, 13, 21, 24,
        17, 15], dtype=torch.int32)
get 29 important tokens
tensor([[ 51,  11, 107,  33,  38,   0,   1,  67,  10,   3,  -1,  -1,  -1,  -1,
          -1,  -1,  -1,  -1,  -1,  -1,  -1,  -1,  -1,  -1,  -1,  -1,  -1,  -1,
          -1],
        [  4,   0,   1,  11,  68,  23,  73,  57,  72,  44,  26,  47,  -1,  -1,
          -1,  -1,  -1,  -1,  -1,  -1,  -1,  -1,  -1,  -1,  -1,  -1,  -1,  -1,
          -1],
        [  6,  14, 103,   0,  45,  31,  57,  62, 106,  22, 105,  70,  73,  98,
           3, 125,  44,  19,   4,   1,  29,  27,  37,  72,  -1,  -1,  -1,  -1,
          -1]], dtype=torch.int32)
tensor([17, 19, 10, 15, 12, 16, 15, 14, 16, 17, 17, 18,  7, 20, 15, 22, 16, 21,
        16, 12, 22, 12, 14, 19, 19,  7, 24, 14, 12, 12, 14, 15, 15, 19, 14, 22,
        12, 19, 12, 18, 14, 21, 16, 20, 11, 11, 18, 18, 18, 17, 25, 18, 21,  9,
        14, 13], dtype=torch.int32)
get 25 important tokens
tensor([[  6,   7,   1,  51,  55,  83,   0,  31,   2, 106,  66,  63,   3,  33,
         104,  50,  38,  -1,  -1,  -1,  -1,  -1,  -1,  -1,  -1],
        [ 98,  32,   1,   0,  34,  56,  42,  20,  18,  81,  15,  30,  35,  77,
          16,  68,   4,  71,   5,  -1,  -1,  -1,  -1,  -1,  -1],
        [  7,  19,   0,  42,  51,   1,  55,   4,  92,  88,  -1,  -1,  -1,  -1,
          -1,  -1,  -1,  -1,  -1,  -1,  -1,  -1,  -1,  -1,  -1]],
       dtype=torch.int32)
tensor([17, 17, 14, 17, 11, 18, 13, 17, 26, 17, 18, 16, 20, 24,  9, 15, 13, 17,
        19, 20, 15,  4, 21, 27, 18, 18, 16,  9, 11, 19, 16, 17, 13, 15, 15, 13,
        17, 18,  8, 16, 15, 18, 12, 17,  9, 16, 17, 19, 19, 14, 15, 16, 13, 16,
        11, 13], dtype=torch.int32)
get 27 important tokens
tensor([[  6,  22,   1,   0,  17,  57, 129,   4,  88,  18,  90,  68,  78,  23,
         138,  33,  72,  -1,  -1,  -1,  -1,  -1,  -1,  -1,  -1,  -1,  -1],
        [  5,  26,  13,   0,   1, 100,  21,  59,  67,  74,  66,   2,   6, 130,
          95,  62,   4,  -1,  -1,  -1,  -1,  -1,  -1,  -1,  -1,  -1,  -1],
        [  0,   1, 106,  38, 102, 107,  47,  31,  56,  40,   3,  16,  18,  69,
          -1,  -1,  -1,  -1,  -1,  -1,  -1,  -1,  -1,  -1,  -1,  -1,  -1]],
       dtype=torch.int32)
tensor([14, 20, 11, 22, 17, 15, 16, 13, 18, 16, 12, 17, 13, 15, 14, 13, 13, 14,
        14, 10, 13, 14, 10, 15, 13, 16, 11, 11, 12, 14, 14, 10, 22, 16, 18, 20,
        20, 14, 12, 15, 10, 16, 17, 17, 15, 18, 11, 16, 12, 10, 16, 12, 16, 16,
        12, 12], dtype=torch.int32)
get 22 important tokens
tensor([[ 54, 130,   0,  36, 107,  35,   1,  85, 109,  43,  56,  25, 103,  59,
          -1,  -1,  -1,  -1,  -1,  -1,  -1,  -1],
        [ 20,  38,   2,  93,   0,   1,  33,  22,  66, 115,  99,  18,  51,  57,
          25, 106,  97,  72,  50,  87,  -1,  -1],
        [  0,   1, 119,  82, 116, 103,  34,  62,  30, 106, 122,  -1,  -1,  -1,
          -1,  -1,  -1,  -1,  -1,  -1,  -1,  -1]], dtype=torch.int32)
tensor([11, 17, 14, 17, 18, 10, 14, 17, 17, 15, 11, 18, 19, 21,  9, 12, 14, 13,
        13, 17, 16, 19, 13, 13, 11, 13, 13, 11, 21, 13, 14,  9, 15, 13, 30, 24,
        18, 13, 23, 11, 19, 20, 18, 13, 17, 13, 11, 15, 13,  8, 10, 12,  8, 18,
        12,  9], dtype=torch.int32)
get 30 important tokens
tensor([[ 18,   0,   1,  24, 140,  83, 141,  46,   3, 110,   2,  -1,  -1,  -1,
          -1,  -1,  -1,  -1,  -1,  -1,  -1,  -1,  -1,  -1,  -1,  -1,  -1,  -1,
          -1,  -1],
        [ 22,  74,  44,  40,  15,   6,  12,   3,  33,  90, 126,  93, 113,  11,
          73, 105,  69,  -1,  -1,  -1,  -1,  -1,  -1,  -1,  -1,  -1,  -1,  -1,
          -1,  -1],
        [ 97, 100,  38,   0,  69,   1,  57,  51,  93,  16,  27,  29,  25,  71,
          -1,  -1,  -1,  -1,  -1,  -1,  -1,  -1,  -1,  -1,  -1,  -1,  -1,  -1,
          -1,  -1]], dtype=torch.int32)
tensor([13, 20, 12,  7, 11, 21,  9, 16, 14,  7, 12, 12, 17, 11, 20, 16, 13, 14,
        13, 18, 16, 10, 20, 14, 13, 12, 14, 11, 14, 20, 18, 14, 19, 13, 10, 16,
        21, 13,  6, 10, 16, 22, 14,  9, 15, 21, 15, 18, 15, 16, 10, 22, 16,  9,
        12,  9], dtype=torch.int32)
get 22 important tokens
tensor([[  5,  90,   0,  70,  27,   1,   2,  73,   3,  38,  11,  47, 118,  -1,
          -1,  -1,  -1,  -1,  -1,  -1,  -1,  -1],
        [  0,   1,  33,  38,  21,  48,  60,   4,  18,  61,  55,  29, 106,   2,
          82,   3,  19,  11,  59,  73,  -1,  -1],
        [ 96,   0,   1, 104,  59,  40,   3,  99, 126, 139,  39,  18,  -1,  -1,
          -1,  -1,  -1,  -1,  -1,  -1,  -1,  -1]], dtype=torch.int32)
tensor([11, 18, 19, 15, 15, 11, 12, 11, 10, 17, 20, 11, 28, 10, 15, 13, 13,  7,
        11, 13, 15, 10,  8, 10, 11, 13, 18, 17, 15, 17, 14, 13, 20, 10, 22, 16,
         8, 15, 19,  9, 15, 14, 19, 10, 14,  8, 15,  6, 15, 19, 10, 19, 13,  7,
        11, 13], dtype=torch.int32)
get 28 important tokens
tensor([[  0,   1,  18,   6,  99,  42,  38,  24,  58,  46,  23,  -1,  -1,  -1,
          -1,  -1,  -1,  -1,  -1,  -1,  -1,  -1,  -1,  -1,  -1,  -1,  -1,  -1],
        [  4,  34,  62,  66,  44,   0,  23,  18,   3,  49, 117, 109,  57, 131,
          73,  70,  33, 129,  -1,  -1,  -1,  -1,  -1,  -1,  -1,  -1,  -1,  -1],
        [  0,   4,  19,  59,  46,  48,  11,   3,  58, 118, 117,  54, 132, 131,
          77,  96,  38,  51,  18,  -1,  -1,  -1,  -1,  -1,  -1,  -1,  -1,  -1]],
       dtype=torch.int32)
tensor([15, 11, 17, 10, 13, 11, 12,  9, 13, 15, 10,  9, 14, 11, 15, 14, 14, 14,
        12, 18, 12,  8,  8,  6, 10, 11, 14, 18, 18, 16, 11, 18, 12, 12, 13, 12,
        13, 12, 13, 10,  9,  8, 11, 17, 10, 14, 17, 19, 13,  9, 13, 14, 10, 11,
        14, 15], dtype=torch.int32)
get 19 important tokens
tensor([[ 91,  97,   0, 129,   1, 100,  33,  29,  57, 104,  28,  42,  17,  94,
          99,  -1,  -1,  -1,  -1],
        [ 14,  47,  68,   0,  50,   1,  25,  13,  72,  70,  66,  -1,  -1,  -1,
          -1,  -1,  -1,  -1,  -1],
        [ 93,  54,  16,   0,   1, 102, 103,  81,  96,  75,  55,  62,  25,  61,
          39,  60,  26,  -1,  -1]], dtype=torch.int32)
tensor([ 9, 10, 10, 19, 22, 17, 20, 16, 10, 13, 11, 10, 17, 13,  9,  6, 13, 11,
        15, 20, 16,  7, 13, 19, 11, 10, 15, 24, 11, 17,  9, 13, 15, 10, 15, 18,
         9, 18,  9, 13, 13, 11, 16,  8,  9,  9,  8, 17, 12, 11, 12, 20, 18, 17,
        14,  7], dtype=torch.int32)
get 24 important tokens
tensor([[127,  94,   0, 126,   2,   1, 117,  12, 139,  -1,  -1,  -1,  -1,  -1,
          -1,  -1,  -1,  -1,  -1,  -1,  -1,  -1,  -1,  -1],
        [  0,   9,  10,  29,  96,   4,  40,  99,  39,   6,  -1,  -1,  -1,  -1,
          -1,  -1,  -1,  -1,  -1,  -1,  -1,  -1,  -1,  -1],
        [  0, 141,  93,  40,  47,  32, 117,   2, 104,  11,  -1,  -1,  -1,  -1,
          -1,  -1,  -1,  -1,  -1,  -1,  -1,  -1,  -1,  -1]], dtype=torch.int32)
tensor([11, 10,  4,  9, 14, 24, 16, 14, 15, 16,  9, 20, 13, 10,  8, 19,  6, 22,
        12, 22, 13,  9, 21, 21, 26,  6, 15, 14, 28, 34, 14, 16, 16, 14, 29,  9,
        15, 15, 13, 13,  8, 11, 15, 21, 12, 15,  7, 17, 14, 12, 13, 12,  8, 12,
        15,  9], dtype=torch.int32)
get 34 important tokens
tensor([[107,   0,  62,  50,  12,   3,  18,   4,   1, 109,  66,  -1,  -1,  -1,
          -1,  -1,  -1,  -1,  -1,  -1,  -1,  -1,  -1,  -1,  -1,  -1,  -1,  -1,
          -1,  -1,  -1,  -1,  -1,  -1],
        [ 74,   0, 128,  22,  28, 135, 133,  27,  62, 109,  -1,  -1,  -1,  -1,
          -1,  -1,  -1,  -1,  -1,  -1,  -1,  -1,  -1,  -1,  -1,  -1,  -1,  -1,
          -1,  -1,  -1,  -1,  -1,  -1],
        [ 54,   0,  43, 114,  -1,  -1,  -1,  -1,  -1,  -1,  -1,  -1,  -1,  -1,
          -1,  -1,  -1,  -1,  -1,  -1,  -1,  -1,  -1,  -1,  -1,  -1,  -1,  -1,
          -1,  -1,  -1,  -1,  -1,  -1]], dtype=torch.int32)
model size: 55.803 GB	cache size: 0.669 GB	hidden size (p): 0.007 GB
peak gpu mem: 57.376 GB	prefill latency: 2.833 s	prefill throughput: 180.702 token/s
decode latency: 1.043 s	decode throughput: 8.628 token/s
total latency: 3.876 s	total throughput: 2.580 token/s
Outputs:
----------------------------------------------------------------------
0: Guangzhou is the capital and largest city of Guangdong province in southern China.Located on the Pearl River about 120 km (75 mi) northwest of Hong Kong and 145 km (90 mi) north of Macau, Guangzhou has a history of over 2,200 years and was a major terminus of the Silk Road.The port of Guangzhou serves as a transportation hub for China's fourth largest city and surrounding areas, including Hong Kong.Guangzhou was captured by the British during the First Opium War and no longer enjoyed a monopoly after the war; consequently it lost trade to other ports such as Hong Kong and Shanghai, but continued to serve as a major entrepot.Guangzhou was captured by
I




I
ang
----------------------------------------------------------------------

==================================================
